,remark
0,靠着 投资 发家致富 人生 逆袭
1,水平 回家
2,低估 洋河 业绩 拐点 高速成长
3,长期 怀疑 人参 没加仓
4,认准 大方向
5,垃圾 持仓 基都 赚钱 0.8
6,本事 连长 一周 大笑 微笑 微笑 微笑
7,这是 一只 收割 榨干 基基
8,互联网 最牛
9,眼瞎 东西
10,打卡 76
11,2017 持有 2021
12,老调重弹 行情 走弱 果断 地拉 大加
13,恒生 科技
14,稳定 亏本 四十多
15,行情 感觉 回来 太爽了
16,中证 1000 大涨 9.55% 小盘 值得 关注
17,两年 哪是 明星 垃圾
18,向来 银行 感冒 希望 小坤 第一重 招商 换掉
19,海康 郭敏芳 50 百润 马晓华 旌德 12
20,上周 抄底 013403 两天 个点
21,恒生 互联网 高开 1.73% 资金 连续
22,上周 连续 回调 忘记 恒生 科技 013403 周五 大涨
23,波动 手动 加仓
24,韭菜
25,QDII OTCFUND 110011
26,火爆 网络 4% 投法 好不好
27,网红 规模 超级 行业 集中度 换经
28,加仓干 猛干 一百万 子弹 半年 时间 打光
29,翻倍 补仓 我要 进攻
30,一万 无惧 涨跌
31,债基 限购
32,感觉 几天
33,昨晚 美股 中概 股大涨 高开 恒生 科技 ETF 大涨
34,短期 回调 加速 资财 复利
35,基托
36,发家 不行 趴下 价投
37,利好 消息 指向 经济 经济
38,昨天 忘记 加仓 恒生 科技 013403 大腿 拍断
39,腾讯
40,抄底 莫急 原创
41,药酒 一波 抱拳
42,连续 长长 坤哥
43,做好 短期投资 艰难 长期
44,确实 几脚 评上 个星 买来
45,行情 走弱 果断 地拉 大加
46,真的
47,酒害 清醒
48,九天 节奏
49,纳闷 天天 亏钱
50,看好 互联网 行业 投资 机会 恒生 科技 指数
51,卖掉 很久 回来 一看 不亏 抄底 恒生
52,两年 确实 没话说 无奈 形势 不好
53,这鸡 轻易
54,败家 玩意
55,利好 市场
56,一周
57,纳闷 十年 优秀 得来
58,永恒
59,我要 撤单 操作 请告 谢谢
60,25 消息面 一览 新能源 短期 走势
61,没完没了 天天
62,建议 换个
63,一口气
64,上次 预判 十多 预判 增加 40% 没别
65,真服了 反思
66,房贷 提前
67,天天
68,施氏 孟氏 故事 不确定性 环境 投资 智慧
69,天天
70,真差
71,QDII OTCFUND 110011 年初
72,乐一乐
73,跟着 碗面 回暖
74,还好 当初 几个 有人 蛊惑 加仓
75,猪人
76,行情 持有 组合 确实
77,差劲
78,留言 瓜分 香薰 积分 大礼 儿童节 聊聊 长大 玩具
79,六一 儿童节 一路 成长
80,瓜分 2w 积分 孩子 理财 粽意 哪类 资产
81,新能源 男孩 女孩 千元 有奖 召集令
82,靠着 投资 发家致富 人生 逆袭
83,水平 回家
84,低估 洋河 业绩 拐点 高速成长
85,长期 怀疑 人参 没加仓
86,认准 大方向
87,垃圾 持仓 基都 赚钱 0.8
88,本事 连长 一周 大笑 微笑 微笑 微笑
89,这是 一只 收割 榨干 基基
90,互联网 最牛
91,眼瞎 东西
92,打卡 76
93,2017 持有 2021
94,老调重弹 行情 走弱 果断 地拉 大加
95,恒生 科技
96,稳定 亏本 四十多
97,行情 感觉 回来 太爽了
98,中证 1000 大涨 9.55% 小盘 值得 关注
99,两年 哪是 明星 垃圾
100,向来 银行 感冒 希望 小坤 第一重 招商 换掉
101,海康 郭敏芳 50 百润 马晓华 旌德 12
102,上周 抄底 013403 两天 个点
103,恒生 互联网 高开 1.73% 资金 连续
104,上周 连续 回调 忘记 恒生 科技 013403 周五 大涨
105,波动 手动 加仓
106,韭菜
107,QDII OTCFUND 110011
108,火爆 网络 4% 投法 好不好
109,网红 规模 超级 行业 集中度 换经
110,加仓干 猛干 一百万 子弹 半年 时间 打光
111,翻倍 补仓 我要 进攻
112,一万 无惧 涨跌
113,债基 限购
114,感觉 几天
115,昨晚 美股 中概 股大涨 高开 恒生 科技 ETF 大涨
116,短期 回调 加速 资财 复利
117,基托
118,发家 不行 趴下 价投
119,利好 消息 指向 经济 经济
120,昨天 忘记 加仓 恒生 科技 013403 大腿 拍断
121,腾讯
122,抄底 莫急 原创
123,药酒 一波 抱拳
124,连续 长长 坤哥
125,做好 短期投资 艰难 长期
126,确实 几脚 评上 个星 买来
127,行情 走弱 果断 地拉 大加
128,真的
129,酒害 清醒
130,九天 节奏
131,纳闷 天天 亏钱
132,看好 互联网 行业 投资 机会 恒生 科技 指数
133,卖掉 很久 回来 一看 不亏 抄底 恒生
134,两年 确实 没话说 无奈 形势 不好
135,这鸡 轻易
136,败家 玩意
137,利好 市场
138,一周
139,纳闷 十年 优秀 得来
140,永恒
141,我要 撤单 操作 请告 谢谢
142,25 消息面 一览 新能源 短期 走势
143,没完没了 天天
144,建议 换个
145,一口气
146,上次 预判 十多 预判 增加 40% 没别
147,真服了 反思
148,房贷 提前
149,天天
150,施氏 孟氏 故事 不确定性 环境 投资 智慧
151,天天
152,真差
153,QDII OTCFUND 110011 年初
154,乐一乐
155,跟着 碗面 回暖
156,还好 当初 几个 有人 蛊惑 加仓
157,猪人
158,行情 持有 组合 确实
159,差劲
160,变得 之烂 进水 明白
161,垃圾
162,猪空
163,回本
164,三大 指数 翻红 0.58 真的
165,沉沦
166,赛道 股多 公私
167,垃圾
168,这基
169,QDII OTCFUND 110011 看着
170,收益 坤爷 弱弱 一句 这基
171,市场 低位 区间 投资者 科学 制定 资产 配置 方案
172,恭喜 新低
173,好像 第一天 反正
174,春暖花开 风光 绿色 环保 小散 浮亏 回本
175,快评 大盘 权重股 逞强 题材 喧宾夺主
176,操作 德行
177,天天 末了
178,去年 投后 从没 盈利
179,吃老本 一年 不好 原谅
180,落水 记得 上岸 找个 中医 调理
181,终于 明星 沦为 垃圾 真想 一脚
182,加油
183,利润 之思 原创
184,副总裁 人才 长跌
185,形势 投资 更好
186,偷吃
187,请问 估值 偏差 太大 现象
188,真特 不行
189,菜坤 持仓
190,持仓 猜轮
191,垃圾
192,年报 解读 一年 血亏 135 千万 基民 路在何方
193,快到 10 时买 腰斩 当年 低调
194,QDII OTCFUND 110011 百分
195,行情 走势图
196,快评 业绩 坚定 现成 业绩 概念 炒作
197,内蒙 新华 11.8 季报 0.32 流通盘 8838 万股 文化
198,原创
199,一年 亏了 近一半 解释 道歉
200,11 五十万 三百多万 比较满意
201,算算 几年 投资
202,阿坤 威武 几句话
203,爆雷 股票 我坤哥
204,列子 射箭 财富 认知 变现
205,2022 第一季度 持仓 启示
206,股票 天天 天天 选择
207,丘栋荣 想起 年半前
208,明白 道理 股市 20% 人能 挣钱 盘子
209,QDII 当天 更新 净值
210,吸引力 增强 资金 净流入
211,9.5 有没有
212,高开 恒生 科技 013403 暴力 反弹
213,一周 排行 老末 垃圾
214,首选
215,止损 互联网 平台 监管
216,坤哥 两年 选股 去年 美年 健康
217,入场
218,冒个
219,劣质 瞎选
220,10 现成
221,没用 失望
222,去年 业绩 排名 五个
223,坤哥 表现 太差
224,自高自大 一点 扪心自问
225,张秃 发威 两年
226,天天
227,时间 盒饭
228,废物
229,大盘 前十 重仓股
230,没救 瘟鸡
231,垃圾 真滴 遭千人 万人 唾弃
232,理解 事儿 美团 隐形 股票 每股 收益
233,无语 大跌
234,五月 次涨 几次 大跌
235,不争气
236,已成
237,小白 美股 肯定 跟着 美股 大跌
238,啥时候
239,矮油 一只 股票 没红
240,政策 压制 因素 消除 互联网 平台 有望 迎来
241,真牛 股好 给力 一只 能力 很强
242,神台
243,今日 这鸡
244,猪空
245,何时能
246,酒来 一波 拉动 人气 基金净值
247,前期 回调 配置 价值 凸显
248,招商银行 海威 康视 再来 腾讯 业务 能力
249,垃圾
250,我空仓 90% 投资者
251,咋样
252,下午 做好
253,当初 风光 現在 大盘股 灰头土脸
254,坑惨 蓝畴 同一个 一年
255,坤哥 趴着 残废
256,腾讯 算不算
257,真该 反思 反思
258,标准 垃圾
259,这老 妖怪 中欧 远见 两年 定开 区别
260,勇敢 爱坤永 相随 大笑 大笑 大笑 大笑
261,昨天 恒生 科技 指数 发现 科技 弹性
262,前期 调整 春季 过后 蓄势 投资 价值
263,昨天 高开高 走大涨 原因 昨晚 消息面 传来
264,周定 5.18 利好
265,传统 思维 2022 不放
266,市场 左右侧 交易 底部 偏右
267,垃圾
268,投资 人性 弱点 原创
269,能看懂 一段 内容
270,现阶段 追加 5000
271,恒生 科技 表现 强势 4.25%
272,崛起
273,标准 垃圾
274,感觉 好时机 策略 分批 布局
275,这支 见鬼
276,下午 我会 一笔
277,坤哥 不行 买酒
278,蜜糖 毒药 管理 规模 事儿
279,混合型 证券 投资 产品 资料 概要
280,借给 早晚 连本 带息 回来
281,断断续续 两年 亏损 50%
282,坤哥 表现 很差 6% 资金 加仓 飙升 突破
283,换个 良心
284,关注 估值 方向 市场 估值
285,看好 超跌 反弹 013403 接回来
286,便宜 历史 最低水平
287,市场 逻辑
288,快讯 永茂泰 16.4 季报 0.45 股本 1.88 特色
289,投资 原创
290,人敢 往里
291,还好
292,2022 巴菲特 股东大会 价值 投资 三观 追求
293,涨跌 思考 原创
294,高手 上海 机场 美年 健康 海康 威视 招商银行
295,海康 威视 阿坤 执着
296,寂寞
297,持续 看好 放开 连续 加仓
298,涨回去 加油
299,水平 韭菜 基民 背锅
300,海康 威视 一个月 忙活 市值 同行
301,请问 老师 周定
302,坤哥 连续 多日 下跌 基民 失望
303,这头
304,大盘 红成 拉不动 位置
305,涨停
306,好基 去年 一点 起色
307,此基 神经病 A股 配置
308,千万别 涨起来 地方 一跌
309,开放 限购
310,天天 干嘛
311,感觉 徐坤 张坤强
312,海康 天天 跌停 有意思
313,两天 涨回来 不涨 寒心
314,海康 股票 影响 收益 跌停
315,恒生 科技
316,图片
317,恒生 科技 个点
318,QDII OTCFUND 110011 持仓
319,改名 乐色 滴汗
320,QDII OTCFUND 110011 坤哥
321,一年 平安 好意思 收管
322,坤哥 有个 建议 精力 时间 副总裁
323,连续 亏了
324,有方 追涨杀跌 投来
325,绿帽子 感觉 干嘛
326,垃圾 放着 A股 买买
327,一看 统计 阶段 浮近 一年 28.44%
328,两年 再见 摊手 摊手 摊手
329,人民日报 中国 经济 长期 基本面 夯实
330,大涨 小涨 小跌 大跌
331,单位 竞争 真的 怀疑 得来
332,两夭涨 个点
333,六天 五跌 一段时间 不错 个股 连续
334,垃圾
335,香港 一塌糊涂
336,明天 能红下 垃圾
337,耐心 持有 静等 花开 大笑
338,底部 区间 火力 抄底 权益
339,真服 下跌 下跌
340,无情 高估
341,好几个 乐色
342,丸子 丢人
343,超跌 超低 市盈率 小盘 绩优股
344,财经 晨信 11
345,崛起 好家伙
346,挺住 垃圾
347,万事俱备
348,行情 好票 持续 加仓
349,回撤
350,持仓 两年 35%
351,鸡肋 讲讲 故事
352,干嘛
353,全球 光伏 发电 市场 发展 迅猛 国际 能源 IE
354,放眼 国际 特斯拉 德国 柏林 工厂 投产 宣传 开发 锰基
355,不中用 垃圾
356,人才
357,感觉 躺平 混日子
358,基民 不当
359,昨天 恒生 科技
360,周定 别问 加仓
361,永茂泰 15.7 季报 0.45 市盈率 8.7 总盘 1.88 亿股
362,进坑 近期 表现 越来越 优秀
363,情况 几年
364,规模 顶峰 400 亏损 168 优秀
365,垃圾
366,一头 ....
367,透了心 再见
368,11 消息面 一览 创业板 估值 高于 纳斯
369,赶紧
370,放弃 治疗 困惑 困惑
371,别具一格 韭菜
372,三月初 第二天 亏损
373,幸亏 这鸡 腰斩 几百块 特别 心疼 重仓
374,从亏 70% 124% 大逆袭
375,醒醒 躺平 成绩
376,稳得 一批
377,申購 現在 亏得 一塌糊涂
378,这帮 垃圾 稍微 一跌 能力
379,10 发帖 时止 欧美 状况 截图 所示
380,截图 直至 2022 10 发帖 时止
381,丢人 0.23 连续
382,确实 垃圾
383,垃圾
384,真的 不想 TM
385,这群 懂得 持仓 一跌
386,连跌 四天 不知 作何 感想 组合
387,优秀 稳定 无与伦比
388,有人 顺便 几句
389,估值 优秀 稳定
390,重仓 股票 乱来
391,腰斩 倒霉 极差
392,大盘
393,抗压 反弹力 加油
394,丢人现眼
395,连跌 四天 本事
396,丢人
397,持仓 持股 业绩
398,无耻 不让
399,0.16% 张突
400,大盘 再涨 几天
401,海康 京东
402,解除 限购
403,垃圾 到家
404,国内外 形势 影响 之下 做好 退休 保障
405,回撤 55% 值得 持有
406,天天 海康 威视 京东 集团 没完没了
407,垃圾
408,高价股 至少 十个 京东
409,两年
410,功课 复习 亏损 仓位
411,买卖
412,买卖
413,全绿
414,撇嘴 撇嘴
415,是因为 暂停 交易
416,盘大 灵活 市场 慢一拍 只能 消费 估计
417,反常
418,必死无疑
419,暂停 赎回
420,消息面 一览 加息 缩表
421,功课 复习 亏损 仓位
422,卖鞋 投资 智慧 原创
423,想要 停止
424,2022.5 简版 指数 估值 播报 看待 反弹 方向
425,温馨 提示 下周一 香港 市场 休市 故含
426,第一 两天 个点 丸子
427,烦人 高位 不让 低位 不让
428,一盘 公募 一哥 家底
429,复利 原创
430,看着 两年 亏了
431,暂停 赎回
432,海康 威视 张雷 一年 忙活
433,玩意
434,真要命
435,全绿 胜利 市场 市场 不好
436,神马 玩意
437,每次 节后
438,第一名
439,五一 期间 没少 赔钱 往里面
440,韭菜
441,折腾
442,30% 走人 好好 一堂课 拜神
443,海康 威视 第一重
444,速跑
445,有方 简单 习惯 助力 长期投资
446,去年 一百个 牛市 大笑
447,海康 威视 拉下 海康 威视 跌停板
448,垃圾 锤子
449,估值 净值 影响
450,阶段 长浮 下跌 25% 统计
451,估值 差距
452,节前 操作 只好 操作
453,优选
454,解释一下
455,怎么回事
456,解释 为啥 2.64% 个股 没跌 估值
457,解释一下
458,假期 累计 叹气
459,假期 累计 叹气
460,情况 估值 0.3 净值 2.6 解释
461,海康 威视 跌停 .% 拉低 亏损 2.64%
462,普涨 暴跌 两个 多点
463,分红 理解 原创
464,亏了 2.64% 个股
465,牛批
466,出气筒 玩气 韭菜
467,TM
468,失望
469,这是 随意 操纵
470,估值 净值 怎么回事
471,哥们 重仓 调仓 海康 威视
472,滴汗
473,情况
474,有没有 马后炮 上车
475,2022 巴菲特 股东大会 价值 投资 实战篇 真传 一句
476,海康 威视
477,大盘 向上 突破
478,能红
479,翻红 金牛 加油
480,财报 教学 系列 公司 股价 疲软 观察
481,海康 威视
482,希望
483,三问 25 感觉 痛苦 股市 段子 满天飞
484,长期 持有
485,分批 买入 只能 回撤
486,5.5 价位
487,开盘 不好 因素
488,参与 高质量 增长 评论 蓝牙 耳机 震荡
489,投资 赚大钱 概率 亏过 不学
490,习惯用语 计划 投入 一万元 三千元 轻仓 七千元
491,张总动 脑筋 承受 压力 近日 终于 扬眉
492,只基
493,收益
494,老谢 30
495,勇敢
496,加油 厉害
497,医疗 好惨 二十多 回本
498,回本
499,A股 休市 涨跌 这基
500,坚守 2017 年定 110011 周定 每周
501,5.24%
502,大盘 跌破 3000 亏了 方法 就够
503,坚定 长期 持有
504,2800 操作
505,投资 找对象 一个样 适合
506,右侧 奸笑
507,自信 牛人 以我为主 不调
508,垃圾 一年 收益
509,QDII OTCFUND 110011
510,为啥 买卖
511,为啥 停止 买入 卖出
512,图片
513,记吃 不记
514,希望 火腿肠 五一 回来 接力
515,卖出
516,发生
517,QDII OTCFUND 110011
518,眼一 起飞 大笑
519,卧槽 一根 天大 阳柱 云霄
520,今日 涨幅 可观 四大 利好 预期
521,月份 投资 定向 前瞻
522,混合型 证券 投资 2022 暂停
523,行情 走势图
524,人间 四月 芳菲尽 300 来到 11 区间 读张
525,更新 真慢
526,姿势 投资 原创
527,基友 投资 构建 体系 私人
528,今明两天 关闭
529,市场 下跌 血亏 此刻
530,辽港 股份 通裕 重工 涨停 20% 买进
531,为啥
532,简单 疫情 地缘 政治 打击 全球 经济
533,恢复
534,购买
535,暂停 滴汗
536,信号 仔细 动脑
537,腾讯 硬挺 早晚 三百 等着瞧
538,一颗 人参 旁边 一条 巨蟒 排除 巨蟒
539,1.5%
540,无招胜 有招
541,季报 出炉
542,这根 大阳线 反转 信号 反弹 大跌
543,概率 重点 板块
544,创新
545,熊市 之下 黄金 补仓 筹码 姿势 正确
546,基本面 量化 打底 量化 辅助 添翼 聚焦 高质量 企业
547,看着 110011 试水 基金净值 管理 持有 人数
548,26 各大 指数 午后 集体 走弱 今日 涨停 股炸板
549,回本
550,鼓掌
551,今晚 明天 白天 阴天 多云 局部 阵雨 气温 19
552,机构 两周 抄底 157 券商 医疗 爆买 食品饮料 份额
553,此前 押注 景气 赛道 集体 跌落 神坛
554,金鸡 马坤 一路 人收害 基民
555,市场 反弹 操作
556,表现 一看 股票 持仓 瞬间 明白
557,垃圾 暴雷 暴雷 反弹
558,闭关
559,上证指数 不出意外 关心 下滑 2800 区域
560,太迟
561,大盘 还会 2800 估计 中旬
562,2022 一季度 上证指数 3600 开盘 震荡 波动 最低
563,长期投资 笑话
564,正好 金融 资金 流动
565,四年 三年 负增长
566,一万元 亏了 3500
567,上证指数 20 六月 一号 有个 跳空 缺口 未补
568,二千 六百 是否是 低点 面临 考验
569,谢治宇 朱少醒 傅鹏博 啥时候 能见底
570,精准 抄底 很难 难度 系数 极高 择时
571,加仓 最低点
572,垃圾
573,天天 微跌 得意 得意 得意
574,上次 补仓
575,破基 亏惨
576,一月 一周 优秀 跌成 哪来
577,混合型 证券 投资 2022 28 日至 202
578,重仓 招行 周一
579,降准 今日 25 落地 央行 下调 金融机构 存款 准备金
580,阳光 总在 风雨 原创
581,成立 回报率 回报率 太低
582,闲钱 投资
583,混合型 证券 投资 2022 第一季度 报告
584,一招 可助 远离 中线 套牢 之苦 一只
585,但斌 风口 三季度 业绩 市场 双杀 低点
586,净值 大幅 回测 归于 市场 大跌 无能 无德 表现
587,十大 重仓股 一只 处于 20 复权 之上
588,2020 走滑 波路 回来 两块 回头 十块
589,限额 公司 设置
590,京东 港交所
591,想象 发生 痛苦 事情
592,一年 时间 净值 回测 35% 顶流
593,公墓 牛市 成绩 源于 幸运 熊市 成绩 真实
594,大笑
595,投资
596,正正 一周 绿绿的 发现 投资人 人会
597,大盘 震荡 机会 风险 抄底 需谨慎
598,不玩 房地产 指数 886
599,垃圾 精品
600,小明 早报 4.22 顶流 持仓 曝光 投资 常青
601,还好 没买 自选 没见 这鸡涨
602,规模 跌破 千亿 规模 下降 170 亿至 849
603,十大 持仓 不想 作业
604,30 个点 好意思
605,风口 吹起来
606,买入 第五 主动
607,调整 不见 行情 稳字
608,犊子
609,买基 中欧 医疗 易方
610,天天
611,去年 11 元时 逃顶 赎回 费用 分红 分红
612,没救
613,没救
614,崩溃
615,韭菜
616,空狗
617,手上 赚钱 008088
618,重仓 看似 龙头 压中
619,10 账户
620,天天 厉害 抱拳
621,行情 走势图
622,持仓 两年 亏了 28% 解释
623,基友 帮忙
624,看好 长期 行情 不好 加油
625,看好 公墓 低位 买入 底仓
626,观点 发过
627,随便 麻木
628,跌麻 A股 创业板 罕见 暴跌 地产
629,地产 回调 上车 好时机
630,朋友 地产 回调 转去 008088
631,超跌 十倍 市盈 小盘 绩优 低估
632,可怜
633,一句 低于 跌幅 超过 1.5%
634,腰斩 厉害
635,星期五 主动 赎回 星期二 显示 失败
636,一百 奸笑
637,形势 投资 牢记 三点
638,阴跌
639,最惨
640,乐观 投资 原创
641,百分之 60
642,地产 反弹 迹象
643,房地产 指数 不行 市场 萎靡
644,垃圾
645,有没有
646,天天 下跌
647,透了心 大哭
648,不愧
649,五大 理由 五大 技术
650,艰难 行情 投资者 试金石 橡树 资本 主席
651,降准 做好
652,腰斩
653,10 理由 更新
654,招行 交银 卖不掉
655,指望 这鸡 涨点 指望 房地产 指数
656,真服了 鼓吹 长期 持有
657,布局 增长 主线 有没有 房地产 指数
658,信息 年报 摘录
659,招商
660,A股 三大 指数 走势 分化 创业板 指涨 1% 金融 地产
661,几号 停购 告诉 微笑
662,赎回
663,给定
664,图片
665,不涨 高手
666,投资 鸡蛋 放在 篮子
667,中信 建投 策略 静待 底部 构筑 短期 挑战
668,资金 流向 连续性 医药 生物 环保 社会 服务
669,投资 心理 畅谈 原创
670,乌之战 A股 影响 原创
671,16 消息面 一览 历史 上降 准后 大盘
672,耐住 黑暗 盼来 光明 原创
673,三分之一 巴德
674,实战经验 智能 模型 高质量 增长 量化
675,一分钟 快速
676,德讯 证顾 短期 获利 回吐 尾声 下周 反弹
677,房地产 指数
678,房地产 连涨
679,这鸡
680,限购
681,下午 按计划 执行
682,持续 加仓
683,赎回
684,有方 工薪 一族 选择
685,八块 持有 两年 五万多 有没有 回本
686,收益
687,停卖 状况
688,0.06 情况
689,这鸡 不准 申购
690,宣传 年化 15% 半年 20% 宣传
691,随缘 关心 房地产 希望
692,局势
693,开放
694,幸好 止盈 房地产 指数 寂寞
695,分钟 量化
696,暴跌 越来越 乐观
697,姜诚 运气 不错 徐彦 少女 少男 邬传雁
698,一句 说会涨 15 10
699,房地产 上涨 趋势
700,打分 创业板 医疗 证券 操作 建议
701,双碳 目标 之下 绿色 转型 大势所趋 去年
702,双碳 目标 之下 绿色 转型 大势所趋 去年
703,涨不动 卖不卖
704,新闻 股神 搭档 芒格 刚割 阿里
705,何崇恺 军工 板块 景气 扩散 具备 更高 投资性
706,小明 早报 4.13 ETF 资金 青睐 多只 公募
707,11 收盘 恒生指数 21208.301 663.71
708,失望
709,坤哥 眼光 长远 十五年 年会 高收
710,韭菜 专心 工作 租房子 关灯 吃面
711,踏实
712,太拉 房地产
713,开盘 我觉 不动 拜神 拜神 拜神
714,多久 长期 持有
715,难受
716,长期 持有
717,混合型 证券 投资 2022 15 日至 202
718,割肉
719,盈利 三十多 二十多 回辙
720,真的 好无语
721,投资 价值 股票 仅仅只是 博弈 筹码 工具
722,形与影 故事 构建 投资 体系
723,初估 未来 超出 半月 下期
724,收割
725,11 消息面 一览 上周 外资 逆势 加仓 板块
726,为啥
727,新低
728,季报
729,股票投资 投资 差别 搞清楚
730,利润 回吐
731,年化 17% 股神 巴菲特
732,信任
733,历史 罕见 基民 市场 嗅觉 灵敏
734,周五 神秘 资金 抄底
735,下跌 不忍
736,疫情 反复 工作 投资 不确定性 转化 确定性
737,想着 市场
738,持有 亏越 心累
739,震荡 行情 资产 配置 少亏 赚钱
740,不可思议
741,意外
742,惊喜
743,前两天 持仓 全是
744,本质
745,31 贵州 茅台 1788.670 69.67 4.05% 600519
746,阿坤换 板块 倒数 几名 水平 副总裁
747,偷吃 0.89
748,赎回
749,韭菜 基民 测试 题目 一万元
750,管理 情绪 听话
751,长期 持有
752,消息面 一览 比亚迪 停止 燃油 汽车 整车 生产
753,收益
754,这支 小盘
755,过往 成功 未来 成功
756,消息面 一览 投资 地产 煤炭 农林牧渔
757,判断 失误 建仓 高位 接盘
758,持有 一年
759,周三 暴涨 难筹 各进 玩玩
760,好像 没涨
761,失望
762,32.05 发图
763,这下 名字 排名 不佳
764,公募 20 20 董承非 出走 公募 首次 亮相
765,怎么回事 昨天 持仓 有没有 昨天
766,QDII 110011 去年 12 31
767,眼睁睁 看着 10 元多
768,专家 投资 建议 千万 资产 投资 核心
769,啥时候 开放 申购
770,坤哥 风格 大涨
771,此基能 灵活 调仓换 开年 地产股
772,QDII OTCFUND 110011 京东 大裁
773,请问 好久 赎回
774,发布 收益 2021 19 购买
775,为啥 申购
776,打着 价值 投资 旗号 抱团 坐庄 伎俩
777,先骂
778,操作 股票
779,价格 个股 绩优股 低价股 垃圾股
780,买入
781,价格 个股 绩优股 低价股 垃圾股
782,一段时间 对劲儿
783,形与影 故事 构建 投资 体系
784,操作 策略 减仓
785,自购 看好
786,十大 重仓 一看 不准 零点 十大 重仓
787,板块 受挫 加仓 割肉
788,QDII OTCFUND 110011
789,亲戚 12 房子 动迁 一百万 经涨
790,战略 战术思维 投资 清晰
791,去年
792,成王败寇 好听 最终
793,关闭 滴汗
794,闹心
795,卖出 提示
796,卖不出去
797,提示
798,取消
799,为啥 申购
800,昨天 公布 第一 重仓股 邮储 银行 第二 腾讯 控股
801,持仓 肯定 准确
802,为啥 暂停 申购 赎回
803,早就 调仓
804,涨回来
805,买卖
806,酒桶 好喝
807,财经 晨信 31
808,涨涨跌跌
809,停止 买卖
810,新一轮 暂停 申购 赎回
811,两天 看着 支棱
812,去年 收益率 4% 30% 投资 方向
813,持仓
814,行情 走势图
815,地位 股票 高位 回本
816,谢治宇 最新 交流 企业 变得 值得 下手 拥抱
817,石锋 资产 崔红建 市场 寻底 时间 耐心 等待
818,连续 三年 成绩 确实 只能 平庸 没顶 默默
819,跟前 几天 持仓
820,净值 估算
821,泡泡 玛特
822,垃圾 留下 发财
823,垃圾 垃圾 垃圾
824,两个 贵州 茅台
825,每日 点评 30
826,请问 最新 持仓 概有 区别
827,牛市 空仓 熊市 满仓 哪种 痛苦 ## 收益 闲钱
828,清明节 假期 安排 开市 休市
829,不想
830,恒生 科技 指数 反弹 几个 起步
831,年报 重仓股 app 支付宝 同花顺
832,操作 策略 操作
833,操作 持有 股全 垃圾
834,HK
835,持仓 三次
836,发生
837,历害 明星 四十 点多
838,关键 调出 第一重 邮政 银行
839,10 块钱 成本 回去
840,干爆 长期 持有 天天 捂脸
841,乱选 行不行 不行 滚蛋
842,财经 晨信 30
843,混合型 证券 投资 2021 年度报告
844,25 理财 攻略 赎回 黄金 港基 消费
845,算少
846,起飞
847,华夏银行 20 资产 股价 几十元 资产 170
848,起飞
849,每日 点评 29
850,回到 解放前 节奏
851,忍着 利润 回吐 不看
852,破烂 劳资 亏损 20%
853,大火 恒生 科技
854,打电话 确认 回复 七年 时间
855,阿坤 调仓 两个 一条
856,sb 操盘
857,收益
858,两元 小时候 这张 两元 东西
859,幸亏 去年 阿坤 水平 赶上 挣钱
860,抄底
861,内卷 外患 暴跌 三月 兵败如山倒 主力
862,寂寞
863,市场 参与者 超级 英雄
864,成绩 天天 无能 一点 风控
865,一年 三十六点 随便 雇人 不过如此
866,发帖 时止 暂时 领涨 三只 截图 所示
867,鸡血 回光返照 两天 无力回天
868,消费 依然 未来 主题 循环 动力 不涨
869,股价 七年 垃了 二十倍 业绩 七年 增长 1.4
870,太难
871,回辙 尚可 标的
872,天天
873,混合型 证券 投资 2022 31 日至 202
874,财经 晨信 28
875,上星期
876,终将 美好
877,行情 走势图
878,2022.3 25 指数 估值 播报 利用 螺丝钉 星级
879,2021 下半年 每月 购买
880,加油
881,子弹 有色 下周 几天 开挂
882,坤儿 加油
883,副总裁 副总裁 水平
884,倒数 第一 厉害
885,课堂
886,加仓 时机 重仓 三年 三年 收钱
887,天下第一 韭菜 昨天 割肉
888,这基 配置 公司 前十 持股
889,一帮 摆设
890,能涨 不加 大哭
891,QDII OTCFUND 110011
892,张头 葛兰 买酒 没用 抛售
893,有方 --- 新一代 年轻人 投资 通用 方案
894,环境 世界 不安
895,江山 代有 人才 成王败寇
896,垃圾
897,足足 一年 越亏
898,恶心 金牛 买回来
899,调仓 能力
900,QDII OTCFUND 110011
901,这支 节操
902,公司 自购 限购 万元
903,QDII OTCFUND 110011
904,脑子 有病
905,动态 报告 发帖 时止 欧洲 指数 状况 截图 所示
906,逆势上涨 资源
907,重仓 银行 银行 指数 涨跌 高度 相关
908,投资 价值 股市 故事
909,牛市 空仓 熊市 满仓 哪种 痛苦 ## 收益
910,下午 拉红
911,手续费
912,怀揣 梦想 买基 冬瓜 马铃薯 鳄鱼 亏成 壁虎
913,坤哥
914,满仓 亏损 20%
915,公开 资讯 腾讯 2021 净利润 2248.2 亿元 同比 增长
916,真棒
917,预计 长期 跟定
918,明天 估计 回本瑶瑶 无期
919,个点
920,历史 增强 信心
921,葛兰 胜过
922,五粮液 不景气 拖后腿
923,酒坛子
924,不出意外 惊喜
925,涨得 对冲 滴汗
926,首批 只公募 REITS 正式 上市 后续 关注 哪些项目
927,良心 真够 义气 几年 跟定
928,持有
929,中午 随便
930,QDII OTCFUND 110011 10 年内
931,煤炭行业 还会 上涨
932,坤哥 大涨
933,一加 封底 加仓
934,良心 优秀
935,A股 历史 大底 股市 前景
936,加油 加油
937,肯定 腾讯 仓位
938,医疗 出路
939,不错
940,睡醒 来个 反弹
941,发型 寒冬 克服 市场 恐慌 情绪 逆行
942,半死不活 明年 回本
943,只好
944,政策底
945,市面上 低估 宽基 指数
946,算是 给力
947,重仓股
948,QDII 性质 投资 海外 市场 同类
949,33
950,坤哥 会涨
951,整年 建设
952,名气 四五十年 后会涨 偷笑
953,物极必反 盛极必衰 行情 绝望 诞生 犹豫
954,一年 一年 辈子 血霉
955,几句话
956,葛兰
957,QDII OTCFUND 110011 有个
958,偷吃
959,垃基
960,亏损 30 多个 晕死 滴汗
961,快报 业绩 硬道理 超低 市盈 最具 潜力 上涨 空间
962,2022 感悟 投资 越来越
963,谈谈 新能源 汽车 发展 现状 前景 新能源
964,真的 40% 亏损
965,高光 时刻 十个
966,垃圾
967,坤哥 高光 时代 20%
968,常态 加仓 当天 下跌 幅度 大于 少量
969,反转 价值 投资 简单
970,大盘 连阳 后市 投资 机会
971,加油 坤哥
972,一碗
973,一年 24% 小坤 无能
974,人到中年 越来越 舍不得 花钱
975,这是
976,关联 俄乌 冲突 蕴含 投资 机会
977,处于 历史 低位 A股 处于 低位
978,卧槽 启动
979,欧股 收盘 德国 DAX30 指数 收涨 0.15% 英国 富时 100 指数
980,反弹 医药 生物 春天
981,公募 自购 再起 明星 乐观 后市 公募 再现
982,3200 之上 震荡 上涨 还会 市场
983,去年 盈利 情况
984,周一 个点 这帮 基民 晚盘
985,不错
986,3.18 收评 午后 金融 领涨 周末 降息 利好
987,18 午后 指数 回暖 小财 选择 耐心
988,限购 果断 卖掉 开放 分批 买入 人品
989,活久见 10 个点 赚大
990,投资 角度看 新能源 汽车 相关 板块 毫无疑问
991,已减 加仓
992,暴力 反弹 别忘了 投资
993,35
994,手续费 太爽了
995,下跌 行情 战争 结束 意义 死去
996,可怕 到来 A股 下探 基民
997,4000 费扣 120 购买 费率 百分之 1.5
998,两天 反弹 红帽子 感觉 幸运
999,坤哥 涨个 10%
1000,再涨 6% 回本
1001,两天 15 个点
1002,app 差近 20 个点 回本 加油
1003,明天 估计 大跌
1004,重仓股
1005,终于
1006,看多
1007,短期 返红 鼓掌
1008,明天 再动
1009,北向 资金 今日 买入 53.65 亿元 东方 财富 宁德 时代
1010,一年 回撤 40 个点
1011,这货 投资 标的
1012,03 16 会涨 10% 股票 10% 涨停
1013,脾气 10 个点
1014,前期 跌得 惨重 昨天 大于 10% 确实 惊艳
1015,涨停 清醒
1016,拓宽 视野 周三 涨幅 一年
1017,投资 弱者 思维 真的
1018,光伏 发电 表现 发展 速度 光伏 发电
1019,市场 市场 调性 长期 放心
1020,最少 4.5% 微笑
1021,几个
1022,买入
1023,新能源 混动 渗透率 8% 电动 渗透率 23%
1024,新能源 汽车 这一 行业 未来 市场 预期
1025,国家 能源 发布 数据 显示 截止 11 月底 全国 太阳能 发电
1026,短期 波动 忽略 在乎 长远利益
1027,10.1%
1028,2022 能源行业 加速 发展 一年
1029,追涨
1030,一年 41 个点 真的
1031,六元 多卖 这涨 10% 好凶 回到 远离
1032,王者 归来
1033,昨天 三天 回本 大笑
1034,开放
1035,再长 10 点才 回本
1036,比太高
1037,这一波 职业生涯 第二 杰作
1038,办法 回本
1039,第一次 10
1040,昨日 市场 暴涨 一点 思考
1041,昨天 全清 大涨 玩儿
1042,QDII OTCFUND 110011 15 忍住
1043,概帮 五代 长老 涨停 出手
1044,春暖花开 万基 复苏 挺下去 加油
1045,10 少见 历害
1046,鼓掌
1047,卧槽 10% 头一回 可惜 自选
1048,2.6 成本 不信
1049,拓宽 视野 一年 成立
1050,回本 成本 9.0
1051,情况 加仓
1052,涨停 回本 哈欠
1053,不离 不弃 捂脸 捂脸 捂脸 捂脸
1054,前天 割肉 兄弟 估计 后悔 跳高
1055,排名 走势图
1056,趋势 作伴 学习 克制 舞蹈 司基长
1057,表现
1058,10 个点 27
1059,最高点 幸好 补仓 再涨 10 个点 回本
1060,加大力度
1061,任凭风浪起 稳坐钓鱼船
1062,还好 放弃
1063,QDll 含义 合格 境外 投资者 你够 合格
1064,啥时候 调仓 好久没
1065,10% 1% 不敢相信 眼睛
1066,10 多年 说起
1067,10 个点
1068,三天 回本
1069,坤哥 再涨 10%
1070,不敢相信
1071,涨幅 夸张 三月份 投资收益 变化
1072,值得 信赖 人品 赚钱 正道 越来越
1073,34%
1074,三点 前卖 明天 涨幅 明天 关联
1075,事儿
1076,终于 扬眉吐气 一回 回本 遥远 加油
1077,看涨 金额 只涨 涨停板
1078,有没有 app 去年 有个
1079,10 个点 罕见
1080,再来 涨停 回本
1081,37 没多大
1082,勇敢 爱坤永 相随
1083,亏死 活该
1084,明天 看交银 海外 25 个点 天弘 恒生 科技 20
1085,最靓
1086,10 个点
1087,看好 国运 坚定 持有 静待 花开
1088,昨天 割肉 股票 涨得
1089,活久见
1090,中概 大涨
1091,经历 首次
1092,厉害
1093,开眼 没见
1094,好好 看不上 改名 造孽
1095,涨幅 活久见 惊吓
1096,10.01%
1097,心脏 受不了 大笑
1098,第一次 涨停 眼角
1099,恶心 第一次
1100,第一次 涨停 滴汗
1101,能力 竟能 6.24% 高手
1102,加油
1103,昨天 加仓 加少
1104,昨天 割肉 心情 十个 点活
1105,刘彦春强 刘音 投资者 不负责任
1106,为啥 40 10 个点 34 30
1107,棒棒 加油
1108,昨天 进场 朋友 有没有 微笑
1109,回本 遥遥无期
1110,回本 遥遥无期
1111,这是 涨停
1112,涨停
1113,10.10 活久见 加油 两年 50% 干到
1114,相差 六个
1115,三天 跌出 14% 状态 连来 几天 看多
1116,涨幅 记录
1117,扬眉吐气
1118,清醒 三天 14 个点 口罩 真的 记忆 三秒
1119,破天荒 大笑 大笑 大笑
1120,第一次 超过 10 个点
1121,30.26
1122,牛笔
1123,涨停
1124,买出 股票 感觉
1125,不卖 有钱
1126,10 个点 股票 涨停
1127,人品
1128,感觉 改名 中概 互联网 企业
1129,真牛
1130,涨幅 10.1% 涨停 真系 颠覆 认知
1131,10 个点
1132,10 个点
1133,mmp 总算 一口 老血 唯一 遗憾 昨天 补少
1134,佩服
1135,希望
1136,途人 明白 风吹雨打 变样 鼓掌
1137,给力
1138,克拉斯
1139,回本 路上 捂脸
1140,两次 回本
1141,三下
1142,股票 涨停 大笑
1143,涨停 好像 一支 股票
1144,中国 股神
1145,特拉斯 10 个点
1146,终于 扬眉吐气 一把 明天
1147,失望
1148,见证 历史
1149,封神
1150,10 个点 意难平 几个 10
1151,天下无双
1152,涨停
1153,净值 不好
1154,10 个点
1155,QDII OTCFUND 110011 波动
1156,涨停
1157,3000 能亏 1500
1158,跌时 涨时
1159,三个
1160,发生
1161,估值 个点 app 多点
1162,一年 多负 40 回撤 大神
1163,名副其实 多人 持有 看不懂
1164,事出 反常 必有 投资 需谨慎 心态 市场
1165,明天
1166,卧槽 没加仓 大哭
1167,QDII OTCFUND 110011
1168,错过 昨天 滴汗
1169,昨天 五千 试试
1170,希望 净值 低于 估值 好不容易
1171,长见识了 腾讯 鼓掌 短期 绿色 加油
1172,有没有 骂人 有没有
1173,感谢 国家队
1174,意外
1175,总算 一口 老血
1176,周二 15 点前 买入 周三 涨跌 有没有 关系
1177,更新 莫让 失望 39 多点
1178,昨天 大胆 500 没想到
1179,终于 发疯
1180,本事 拉回来 原谅
1181,疯狂 困惑
1182,京东 上涨 36% 刺激
1183,春日 来临 一年 处境 艰难 概股 2022
1184,看好 心态 面对 市场
1185,今晚 惊喜 献花 献花 献花
1186,吃不消 吓死人 涨跌
1187,至少 10 个点
1188,个点 收益 大笑
1189,厉害
1190,110011 加油 公募 一哥 加油 盼望 王者 早日 归来 基民
1191,左天 有加
1192,坤哥 NB
1193,昨天 一半
1194,加仓 加少
1195,勇敢
1196,优秀 奇葩
1197,千万别 变化 哎涨 后悔 没加仓 后悔 没跑
1198,几天 补仓 一大 我快 解套
1199,我来 骂娘
1200,明天 跌下来
1201,跌成 熊样 优秀
1202,追高 闲钱 投资 分批 低吸 或定 投才 成功 投资
1203,买点 医药 两棵树 吊死
1204,市场 狂欢 起点 阿门
1205,回来
1206,昨天 加仓 周亏 涨回来
1207,市场
1208,卧槽 补仓 力度 大笑
1209,22 行业 发展 行业 盈利 预期
1210,论要 赚回 40%
1211,双碳 目标 之下 绿色 转型 大势所趋 去年
1212,鸡精 关系
1213,惊人 疯狂 反弹
1214,麻辣
1215,QDII OTCFUND 110011 今晚
1216,终于 知耻而后勇 兄弟 抓紧时间 撤退
1217,闲钱 分批 买点 旺柴
1218,5.90% 还敢
1219,BBQ
1220,5000 随便 随便 补仓 交银瑞丰 捂脸
1221,QDII OTCFUND 110011
1222,大盘 底部 一段距离 骂娘
1223,三千
1224,海康 天天 天天
1225,回血 菜坤 第一 主力
1226,终于 总出 口气 大笑
1227,去年 净值 10 元多到 净值 元多 突子 厉害
1228,平均 六点 请教 大神 本事
1229,多余 更是 祸害 自个
1230,股票 跌得 两天 十几个 副总裁 极品
1231,回撤 39
1232,哈哈哈 17 个点
1233,解释
1234,一半
1235,马克
1236,大盘 跌破 3100 A股
1237,20 月份 买入 5.6 涨到 10 期间 补仓
1238,亏掉 裤子 QDII 110011
1239,盈利 110 盈利 26 每次 局面 感觉 快到
1240,六十多 十几万 真服了
1241,两天 十二个
1242,涨跌幅 伤心
1243,真的 垃圾
1244,QDII OTCFUND 110011 大坤
1245,不见
1246,坤哥 说句话
1247,跌得 这钱 打算
1248,飞流直下 不见 下跌 选坑
1249,太惨 不可思议 直视
1250,明白 腾讯 核心技术
1251,短期 下跌 更好 发展 加倍 买入 获利
1252,副总裁 级别 真的 牛批 选择 涨跌
1253,30% 真服
1254,请问 两天 不爽 持有 两万
1255,什好 两天 13 个点
1256,菜坤 真材实料
1257,要死 他妈 幸亏 妈解
1258,请问 股票 六个 多点
1259,15 日早 开盘 不到 10 分钟 北向 资金 再度 卖出 35.83
1260,跌前 几天 受不了 想着 亏了 躲过
1261,新能源 走高 五年
1262,明天 进场 先干 50% 仓位 大笑
1263,QDII OTCFUND 110011 这是 健康
1264,天买 1000 60 再赔 200 元后
1265,新能源 汽车 预期 增长 内生 动力
1266,困惑
1267,股票 开启 不要脸 模式
1268,666
1269,最有 号召力 多头
1270,股票 刺激 两天 十多个
1271,谈谈 新能源 投资 一点 观点 看法
1272,坤哥 聪明一世 糊涂一时 真的 好好 基中 小盘
1273,sb
1274,割肉 有人
1275,干嘛
1276,盈利 80% 勉强 保本 赎回
1277,双重 打击
1278,好像 泰坦尼克号 惨烈 喘气 南无阿
1279,希望
1280,持仓 最差 两只
1281,还好 上周
1282,卖不卖 大佬
1283,腰斩
1284,骗子
1285,麻木
1286,会涨
1287,上周
1288,12 个点
1289,真的 恶心 没想到 买个 40% 一年 真的 恶心
1290,两天 11 个点 垃圾
1291,走后门 只不过 QDII 排名 优秀
1292,赎回
1293,看好 A股 中长期 走势 多只 放开 申购
1294,业绩 排名 优秀 后门
1295,国内 搞好 国外
1296,冰点
1297,国外 月亮 国内 偏要 国外
1298,中概 含量 偏高 这波 精准 狙杀 一个月 调整
1299,昨天 有个 11%
1300,不到 一个月 亏了 20% 大哭
1301,两天 10 个点
1302,天天 安心 睡着
1303,用烂
1304,算你狠 你够
1305,利润
1306,两天 十个
1307,厉害 两天 十个
1308,自购 最佳时机
1309,垃圾 直线 下降
1310,败家子 投资者 全赔
1311,轻仓 投资者 5.5 分批 买进 或定
1312,微笑
1313,天天
1314,无耻 从未见过 厚颜无耻
1315,毛台 七年 业绩 增长 1.4 股价 七年 二十倍
1316,这坑 每次
1317,这是 竞跌 游戏
1318,盈亏 经历 长期 持有 大跌 大买
1319,关灯 吃面 关灯 吃面 价值 投资
1320,牛皮 6.24% 天才 欲哭无泪
1321,不看 一看 吓一跳 幸亏
1322,垃圾
1323,3.15 打假
1324,一周 评级 优秀 真笑 死个 苍蝇 大笑
1325,跌停板
1326,倒闭 算了
1327,废材
1328,坚守
1329,好意思 好歹 两天 天天 大绿
1330,垃圾 垃圾
1331,佩服 放开 申购 天天 放开 舒服 高到
1332,张空
1333,赶紧
1334,点多 要点
1335,不行 换人
1336,一大早 刺激 预测 还会 上周 一大
1337,恐怖
1338,快点 辞职
1339,放开 申购
1340,看不懂 解释
1341,天天
1342,QDII OTCFUND 110011
1343,QDII OTCFUND 110011
1344,反正 亏了 无所谓
1345,赢家
1346,股票
1347,极品 极品 成交 成交 成交 成交 成交
1348,滚蛋 血汗钱 亏光 成交 成交 成交
1349,心疼 省吃俭用 血汗钱 蚕食 付钱 嗜血
1350,基一 完要 理智 七年 业绩 增长 1.4 股价 七年
1351,QDII OTCFUND 110011
1352,请君入
1353,辉煌
1354,两年 没红过
1355,深套 建议 远离
1356,有病 腾讯 京东
1357,真的 太差 太差 太差 太差
1358,评论 区戾 未免 太重 厉害 干嘛 股票
1359,QDII OTCFUND 110011
1360,QDII OTCFUND 110011
1361,QDII OTCFUND 110011
1362,功课 复习 盈利 前题 之下 连续 上涨 减仓
1363,上周 亏了 30 个点 一看 感到
1364,QDII OTCFUND 110011
1365,第一 倒数
1366,老子 感觉
1367,选股 能力 实在 不敢恭维
1368,持有 一年 40% 隔壁
1369,羞耻
1370,不看 还好 一看 吓一跳 伤不起
1371,惨烈
1372,传割洋 韭菜 中概 回港 割港 韭菜
1373,厉害
1374,多头
1375,没事 没事 没事 大笑
1376,情况
1377,小坤坤 惨咯
1378,跌麻
1379,崩塌
1380,真的 坤儿
1381,坑人 垃圾
1382,要不了 多久 短裤
1383,暴跌 来得 猛烈
1384,追随 多年 从易 基中 小盘 投资 110011
1385,入坑
1386,看过 周应波 中欧 创新 未来 18 封闭 四季 报中
1387,发抖
1388,长期 三年
1389,这鸡 季报 估计 130 亿去
1390,阶段 跌成 优秀
1391,这是 重仓 京东
1392,TMD 人才 点脸
1393,这是 真的 基民 当会事 跌成 狗样
1394,NMB 跌停
1395,感觉 人生 达到高潮
1396,跌幅 40% 太惨
1397,玩意儿 暴跌 恶心
1398,麻烦 六个 多点 持有
1399,水平
1400,玩意儿
1401,跌多涨少 大哭
1402,该基 无语
1403,跌幅 40% 滴汗
1404,六个 多点 水平 无语
1405,净值 估算 算进去
1406,垃圾
1407,放心 十年 回本
1408,人才
1409,这跌 10
1410,小坤 调整 越跌 换个 名字 水平
1411,垃圾 垃圾
1412,不敢相信
1413,跟着 三天 饿九顿
1414,ikun
1415,绝望 贵司 不停 发新 圈钱
1416,人才 点多
1417,亏了 基民 几百亿 阿坤 一辈子
1418,40 个点 咋办 心疼
1419,图片
1420,家伙 跌近
1421,克拉斯
1422,水平 副总 不解
1423,厉害 再创新高
1424,天在 报应
1425,优秀
1426,净值 估值 差近 二个
1427,转战 港基 哈哈哈 人头
1428,刺激
1429,爆粗
1430,净值 过分
1431,优秀 排名 优秀
1432,产品 净值 下跌 5% 对不起 张牙舞爪
1433,坚定 价值 投资者
1434,一年 跌近 30% 厉害
1435,去年 最高点 跌掉 50%
1436,TM 股票
1437,同类 优秀 评估
1438,本轮 油价 上涨 两年 欧美国家 疯狂 印钞 宽松
1439,还好
1440,混蛋
1441,去年 反对 改变 性质 可惜 人微言轻
1442,顶上 股票 幅度
1443,普通人 购买 黄金价格 挂钩 合适 起购
1444,建信 上海 ETF 联接 不错 选择 投资 上海
1445,小盘
1446,混是
1447,个点 第一重 仓是 招商银行
1448,赎回
1449,这是 涨少
1450,最低
1451,跌幅 挺大 持仓 股票 超跌
1452,投资 过程 三个
1453,还算 跌停
1454,完蛋
1455,天上掉 机会 坚定 看好 希望 三成
1456,十元 成本 一半 水平 真高 随便
1457,一周 10 个点 真够
1458,趋势
1459,别买 去年 一年 回本
1460,抄底 微笑
1461,仓位 抄底
1462,谢谢
1463,不想 打开 看太惨 忽悠 上周 专家 企稳
1464,涨过
1465,会破
1466,QDII OTCFUND 110011
1467,只基 好像 涨过
1468,关闭 交易
1469,奶奶
1470,好像 diy
1471,基民 希望 认可
1472,净值 成交 净值 成交
1473,丧门星
1474,很快 时代 信不信
1475,改改 暴涨暴跌 毛病
1476,发财 全清 上周 一半 全清
1477,基金净值 成功 10 点多 降到 五点 加油 好好 跌倒
1478,恭喜 创新
1479,恭喜 创新
1480,幸亏 上周
1481,惨过 底泥 大哭
1482,暴跌
1483,tm 一年
1484,失算
1485,真的 黄泥 烤鸡
1486,上周 一半 做定 清仓 一周
1487,亏了 一年 改张
1488,接盘 亏大 亏大
1489,A股 没弄 明白 投资 干吗
1490,坤哥 破纪录 43% 回撤
1491,十块钱 咋啦
1492,还好 不好
1493,二百 建仓
1494,失望
1495,大盘 大盘 大跌 真服了
1496,评论 几个 大部分 绿色
1497,卧槽 TM 废材
1498,打开 申购 市场 见底 两次 上百
1499,调仓
1500,本事 大跌 小跌 小涨 大涨
1501,垃圾
1502,自信
1503,打算 微笑
1504,重仓股
1505,投资 简单 八个 买定离手 完不动
1506,真的 垃圾
1507,菜坤 肯定
1508,4.6 悬念
1509,建仓
1510,表现 优秀
1511,不以 涨喜 不以
1512,赎回
1513,净值 10.73 5.9
1514,净值 腰斩 不要脸
1515,03 11 基金净值 及周 涨跌 股票 消费
1516,越来越 完蛋
1517,回事 亏了 30%
1518,大神 指点 小白 适合 入场
1519,无语
1520,深套 情况 止损 情况 坚定
1521,买基 追前 几名 无非 泡沫 一支 几名
1522,改名 换仓 底线
1523,进场
1524,想法 设法 恨不能
1525,有没有 垃圾
1526,金牛 几年 回本
1527,真的 想法
1528,无耻 一点
1529,酒神 不行
1530,30 个点 丢人 丢人 小心 出门 雷劈
1531,无语
1532,天天
1533,A股 明白
1534,垃圾 cs
1535,图片
1536,看空 关灯 吃面
1537,这支 越来越
1538,不行 反思 后悔
1539,抄底 持仓
1540,加油
1541,QDII OTCFUND 110011 这行
1542,要死
1543,持有 短期 微薄 利润 滴汗
1544,表现 优秀 评价 标准
1545,明白 涨跌 当天
1546,NM
1547,下周
1548,打工 投资人
1549,加油 努力
1550,终于 开门 鼓掌
1551,大部分 下午
1552,放开 申购 限额 见底 信号
1553,下午 冲上来 真够 垃圾
1554,滚蛋
1555,喝人血 东西
1556,有病 零点 几个
1557,垃圾 手里
1558,内幕 交易 回撤 30 显示 性价比 极高 指标
1559,垃圾 开仓 垃圾
1560,昨天
1561,五个 交易日 四天
1562,极品 人才 成交 成交
1563,这支
1564,股市 下跌 力量
1565,惊人 不休
1566,利润 快跌 回去
1567,优秀
1568,恶心
1569,大盘 抄底 脾气 罢休 别想
1570,跌多涨少 垃圾
1571,买入 奸笑
1572,真够 垃圾
1573,一个劲 下跌
1574,京东 太猛
1575,QDII OTCFUND 110011 转名
1576,垃圾
1577,还好 心疼 重仓
1578,一点 真行
1579,翻倍
1580,十五年 下跌 忍无可忍 情况
1581,三点 几的面 这基 腰斩 建仓
1582,翻倍 两年 23 个点
1583,QDII OTCFUND 110011 转名
1584,举报 优秀
1585,市场 反弹 反弹 市场趋势 向下
1586,一点 加量 回去
1587,哈哈哈 厉害 抱拳
1588,中概 mini
1589,我天 没救
1590,QDII OTCFUND 110011 活埋
1591,看着 分红 快多 这会 跌倒
1592,QDII OTCFUND 110011 美股 京东
1593,QDII OTCFUND 110011
1594,QDII OTCFUND 110011
1595,没救
1596,良心 多才 放开 购买 张大 人品
1597,己经 文明用语 忍无可忍 无需 再忍
1598,几年
1599,1.87%
1600,涨得 最少 最慢
1601,QDII OTCFUND 110011 张困
1602,天大 喜信 顶流 jj 吃瓜
1603,QDII OTCFUND 110011 自以
1604,QDII OTCFUND 110011 自以
1605,公募 一哥 开放 申购 抄底 信号 选择 没来
1606,公募 一哥 开放 申购 抄底 信号 选择
1607,国恩 股份 22.8 季报 1.82 市盈 小盘 材料 新能
1608,一年 成绩 19 个点 忍不住 捂脸 前年 年末 限购
1609,越挫 越勇
1610,努力 加仓 加油 越跌
1611,终于 甩出去
1612,绿筹 净值 2.8 减仓 奸笑
1613,市场 连续 下跌 应对 思考 交易
1614,20 复权 均价 之上 之低 估值 股均 中线 极佳 投资品
1615,真的 垃圾 没停
1616,财经 晨信 10
1617,恒生指数 无可 境况 昨天 抄底
1618,清仓 不见 卸载
1619,算是 谷底
1620,2019 涨幅 60% 2020 涨幅 80% 两年 之内
1621,426 27 个点
1622,QDII OTCFUND 110011 张废
1623,最有 号召力 多头
1624,小命 小额 加仓 这帮 基民
1625,QDII OTCFUND 110011
1626,告诉
1627,价值 投资 留下来 真爱
1628,百分之三十
1629,收益
1630,挺住 是因为 价值 投资
1631,搞笑
1632,公募 一哥 开放 申购 抄底 信号 选择 没来
1633,公募 一哥 开放 申购 抄底 信号 选择 没来
1634,公募 一哥 开放 申购 抄底 信号 选择 没来
1635,公募 一哥 开放 申购 抄底 信号 选择
1636,后援会 第一个 后援会
1637,两年 收益 21%
1638,放开 申购 限额
1639,真坑
1640,七年 股价 二十倍 七年 业绩 增长 一点 四倍 很大
1641,始终 量化 投资 坤哥 弹药 放开 限购
1642,真的 滚蛋 天天
1643,分红 大哭
1644,这鸡 恶心 直线 下跌
1645,混合型 证券 投资 调整 大额 申购 大额
1646,评级 同类 优秀
1647,保证 盈利 下跌 亏本
1648,这基真 优秀 14 32%
1649,分红 不到
1650,投资 真的 良心
1651,长期 持有 持有 五年 收益 跌去
1652,持有 一年 亏成 冲着 金牛
1653,垃圾 天连跌 十多个 四十个 金牌
1654,求求 回本 完肉
1655,一年 40 个点
1656,目标 5.0 5.5 之间 耐心 等待
1657,好消息 限购
1658,回本 再也 不玩
1659,跌成 眼看 本来 一下子
1660,QDII OTCFUND 110011 红婵 冠军
1661,九块 操作 好烦
1662,坤子 麻麻 洗掉
1663,还好 去年
1664,QDII OTCFUND 110011 鸡叫
1665,混合型 证券 投资 调整 大额 申购 大额
1666,已破 机会 估计 较难
1667,清仓
1668,大跌 大涨 看不见
1669,QDII OTCFUND 110011
1670,估计 一个月 预感 极限 腰斩 5.3
1671,来到 时代 加油 迈向 时代
1672,历史性
1673,选择 股票 投资 看重
1674,有病
1675,区别
1676,QDII OTCFUND 110011 30%
1677,发财 撤退 收益 90 个点 15
1678,操盘
1679,优选 越改越
1680,五粮液 没救 风吹草动 变色
1681,欢度 女神 优惠 折上
1682,发现 一年 走势 300 走势
1683,昨晚 报表 算是 白做
1684,今日
1685,QDII OTCFUND 110011 跌成
1686,老子 真的 想啸
1687,行情 感觉 对不起 全世界
1688,看不到 持仓 股票 怎么回事
1689,多人 舒心 投了 没涨 滴汗
1690,接盘 真受不了
1691,高端 消费 行业 几年 不好 翻身 消费基金
1692,投资 象种 庄稼 风调雨顺 丰收
1693,外围 市场 打压 循环
1694,女神 节遇 大跌 劝君 乐观
1695,亿万 基民 救命稻草 团结起来 股霸天
1696,老调重弹 行情 不明 操作
1697,股已 40% 相当于
1698,股票
1699,QDII OTCFUND 110011 腾讯
1700,股票 跌得 厉害
1701,这坤
1702,捂脸 看着
1703,玩儿
1704,百分之三十
1705,发生 几天 没看 15 个点
1706,随便 股票 一年 差过 搞笑
1707,A股 处于 下跌 趋势 红绿 交替 常态
1708,买入 第四 主动
1709,谷底
1710,还好 月初
1711,持有
1712,垃圾
1713,目标 5.0
1714,所持 明星
1715,特码 行不行 4.31
1716,五元 时代 不信
1717,大势 仓位 坑害 基民 旱涝保收
1718,QDII OTCFUND 110011 换成 Qdii
1719,亏了 24 个点 补仓
1720,第一次 实在 忍不住 特码
1721,天天 割肉
1722,不好意思 公布 净值
1723,市场 波动 点评
1724,两年 20% 收益 亏了 十个 真有 能耐
1725,几天 不见 软件 两年
1726,业绩 七年 增长 1.4 七年 市值 增长 20
1727,QDII OTCFUND 110011 垃圾
1728,转转 开盘 绿油油 没人
1729,离谱 30%
1730,这成
1731,下行 坤哥 小盘
1732,跌跌 不休
1733,总算 明白 中国 股票 赚钱 困难
1734,坤哥 睡着
1735,旱涝保收 闲溜娃 基民 诉求
1736,炒到
1737,亏本 投错
1738,破产
1739,要死
1740,从来不 骂人 死鸡 差劲 滚蛋
1741,估值 硬道理 折价 估值 H股 首选 投资品
1742,五十点 玩意儿
1743,加仓 割肉 仓位
1744,犊子 三年 收益 清零
1745,盘中 净值 已破
1746,赎回 确认 份额 为啥 没到
1747,心塞
1748,喜迎 女神 打折
1749,仓位 太高 减了 只能 听天由命
1750,QDII OTCFUND 110011
1751,QDII OTCFUND 110011 天杀
1752,骂人
1753,哭死了
1754,妈呀 段时间
1755,某种 信号
1756,跌到 再加
1757,哈哈哈哈
1758,拜拜
1759,QDII OTCFUND 110011 绝望
1760,吃土
1761,烂透
1762,看不清 形势 下跌 通道 满仓
1763,配置 减少
1764,收益 80% 跌到 29%
1765,挤干 水分 轻装前进
1766,400 2020 泡沫 四年
1767,操作
1768,QDII OTCFUND 110011 填坑
1769,股市 退出 投本 亏了 35 个点 炒股 朋友
1770,啥子 一年 亏了 七八十个
1771,这是 要死
1772,亏了 40% 滴汗 滴汗
1773,真的 太渣
1774,还好 上周四 早就 本来 回回点
1775,副总裁
1776,能亏 40% 职业 抄手
1777,35 个点
1778,军工 产品 需求 爆发 投资 价值 凸显
1779,投资 理念
1780,进场 旺柴 旺柴 旺柴
1781,两年 35 个点
1782,这支 基快
1783,百分之三十
1784,2022.3 指数 估值 播报 基本面 投资 四大 门派
1785,20 几个
1786,5.5 妥妥
1787,8.7 跌成
1788,真想 最低
1789,确实 忽略 流动性 风险
1790,玩意 没涨
1791,滴汗
1792,天天 这破 样子
1793,30 个点
1794,进厂
1795,设置 持仓 观望
1796,亚太 股市 今日 跟随 欧美 股市 持续 杀跌 市场 持续 关注
1797,厉害
1798,解散 创新
1799,没想到 长期 持有 一路 下跌 三十七
1800,投资 水平 一坨
1801,最烂
1802,新低
1803,垃圾
1804,疯得 盈利 三十个 十几个
1805,改名 调仓换 高位 接盘 回调 基民
1806,微笑 真的 地步
1807,垃圾 天天 几个 几个
1808,心慌
1809,微笑
1810,认可
1811,清仓 真的 受不了 跌多涨少 亏大
1812,下周 清仓 改名 净值
1813,6.66 那天 大部分 割肉
1814,盘得 下滑
1815,华夏银行 净资产 19 股价 5.6 利润 235 市值 800 亿毛
1816,毛台 七年 业绩 增长 1.4 2015 股价 140 1700
1817,2020 货币 泛滥 泡沫 2021 2022 2023 信徒
1818,清仓
1819,亏成 止跌 迹象 一买 估值 股价
1820,反思 基民
1821,还好 两只 鸡坑 创新
1822,一年 亏了 好几千 这货 希望
1823,创新 恶心
1824,天天 新低
1825,妈呀 天天 摊手 复盘 看空
1826,无可奈何花落去 似曾相识 折上
1827,银行 两年 中期 不让 幸亏 不让
1828,苍天
1829,稀里哗啦 底线
1830,亿玩 全国性 银行 只能
1831,鼓鼓 老和基
1832,太烂 改名 提升 业绩 改名 改个
1833,名后 持仓 两个
1834,教教 .. ...
1835,Mark 买入 一年 总算 击球
1836,实在 太差
1837,人选
1838,演都 不演
1839,收益 十几 跌成 五个 两年 时间 真的
1840,上午 科技 新能源 下午 新能源 回落 冲高
1841,QDII OTCFUND 110011
1842,最差
1843,40
1844,QDII OTCFUND 110011 一年
1845,QDII OTCFUND 110011
1846,神光 土鸡 凤凰
1847,完蛋
1848,垃基中
1849,坤子 牛皮 创新
1850,天天 这是 高人 难以 理解
1851,两年
1852,水平 太高
1853,QDII OTCFUND 110011
1854,跌法
1855,坤哥 我求 救救 孩子 大哭 大哭 大哭 大哭
1856,起死回生 打打气
1857,进场
1858,要死
1859,有没有
1860,30 撇嘴
1861,这基 翻身仗
1862,吃大面 一碗
1863,问责 机制 投资 水平
1864,啥时候 开门 发现 这基 烂成 上车
1865,真心 垃级
1866,几年 结论 手套 白狼
1867,长期
1868,开门 收钱 补仓
1869,不要脸
1870,赔空
1871,一路 见证 10
1872,没得 股票 买会输 看错
1873,大跳水 调整
1874,新能源 光伏 医疗 半导体 投资 分享
1875,多年 分红 解释
1876,明天 节前 交易日 毋庸置疑 新能源 大涨
1877,涨得 跌得 垃圾
1878,最佳 姿势
1879,2022.5 31 半导体 昨天 加仓 正确 开心
1880,多年 没红过 解释
1881,上证 冲击 3200 未果 指数 反弹 预期
1882,投资者 热情 一批 氢气 公司 上市
1883,为啥 你定 赚钱 原因 找到
1884,节前 行情 开启 新手
1885,新能源 光伏 医疗 半导体 投资 分享
1886,2022.6 理财 日记 各大 板块 回落
1887,知名 酒庄 配置 肯定
1888,清洁 隶属于 新能源 板块 值得 关注
1889,昨天 逢节 必跌
1890,亏了 25 个点 真的 感觉 没个 一年
1891,蜗牛 爬井 这基 惊讶 惊讶 惊讶 大笑
1892,清仓 要点 face 对得起
1893,乐色 习惯
1894,昨天 大涨 呈现出 震荡 小跌 走势
1895,股票 复盘 热门 赛道 反弹 恭喜 详细
1896,还好 慢慢
1897,多空 博弈 厉害 下午
1898,刘彦春 傅鹏博 谢治宇 顶流 重磅 业绩 出炉
1899,6.1 周定 行情
1900,27.68 有人 解套
1901,弱势 回调 强势 三天
1902,欧美 市场 转跌 风景 A股 独好 看涨
1903,环境 发财 环境 天才 个个 炒股
1904,加仓点
1905,80% 持有者
1906,汽车 活跃 半导体 尾盘 拉涨 方向 平淡无奇
1907,2022.6 半导体 异动 拉升 短线 一眼
1908,告别 迎接 每月 晒图
1909,OTCFUND 005827
1910,5.30 操作 暴涨
1911,2022.6 昨天 预期 调整
1912,完美 收官 两天 累计 回款 1W 期待 六月 开门红
1913,五月 六月
1914,股民 新能源 带动 大盘 连涨 多天 调整
1915,这基 挺稳 冲劲
1916,昨天 算到 新能源 调整
1917,努力 回去
1918,10 只鸡里 五月 唯一 亏损
1919,财经 晨信
1920,油气 煤炭 多久 业内人士
1921,加油
1922,全职 炒股 第四 四周
1923,崛起 加油
1924,食品 开启 起飞 模式 可惜 上车 打算
1925,2.28 成本 感觉 下压
1926,日记 22
1927,好像 买点 一周 买点
1928,新能源 光伏 反弹 过高 均衡 配置
1929,19.87 怎办
1930,摊薄 2.5 举个
1931,永远 折磨 明天 上涨 清仓 我觉
1932,中期 长期
1933,大盘 选择 向上 突破 诱多
1934,完美 收官 聊聊 区分 主动 分类
1935,每日 点评 31
1936,A股 多条 均线 创业板 强势 反弹
1937,A股 红五月 完美 收官 六月 可期
1938,三个 回本 加油
1939,废物 海康 威视 回撤 44 大盘 3200
1940,尾盘 主力 卖出 明天 必跌 调整 新能
1941,不想 不行 4000 多只 红色 操作
1942,微笑
1943,指点 亏了 40 混在 加仓
1944,事实上
1945,韭菜 股票
1946,回到 3.5287
1947,捂脸 捂脸 捂脸
1948,磨底 时间 3150 压力 依旧
1949,留言 瓜分 香薰 积分 大礼 儿童节 聊聊 长大 玩具
1950,六一 儿童节 一路 成长
1951,瓜分 2w 积分 孩子 理财 粽意 哪类 资产
1952,新能源 男孩 女孩 千元 有奖 召集令
1953,油气 煤炭 多久 业内人士
1954,大跳水 调整
1955,新能源 光伏 医疗 半导体 投资 分享
1956,多年 分红 解释
1957,明天 节前 交易日 毋庸置疑 新能源 大涨
1958,涨得 跌得 垃圾
1959,最佳 姿势
1960,2022.5 31 半导体 昨天 加仓 正确 开心
1961,多年 没红过 解释
1962,上证 冲击 3200 未果 指数 反弹 预期
1963,投资者 热情 一批 氢气 公司 上市
1964,为啥 你定 赚钱 原因 找到
1965,节前 行情 开启 新手
1966,新能源 光伏 医疗 半导体 投资 分享
1967,2022.6 理财 日记 各大 板块 回落
1968,知名 酒庄 配置 肯定
1969,清洁 隶属于 新能源 板块 值得 关注
1970,昨天 逢节 必跌
1971,亏了 25 个点 真的 感觉 没个 一年
1972,蜗牛 爬井 这基 惊讶 惊讶 惊讶 大笑
1973,清仓 要点 face 对得起
1974,乐色 习惯
1975,昨天 大涨 呈现出 震荡 小跌 走势
1976,股票 复盘 热门 赛道 反弹 恭喜 详细
1977,还好 慢慢
1978,多空 博弈 厉害 下午
1979,刘彦春 傅鹏博 谢治宇 顶流 重磅 业绩 出炉
1980,6.1 周定 行情
1981,27.68 有人 解套
1982,弱势 回调 强势 三天
1983,欧美 市场 转跌 风景 A股 独好 看涨
1984,环境 发财 环境 天才 个个 炒股
1985,加仓点
1986,80% 持有者
1987,汽车 活跃 半导体 尾盘 拉涨 方向 平淡无奇
1988,2022.6 半导体 异动 拉升 短线 一眼
1989,告别 迎接 每月 晒图
1990,OTCFUND 005827
1991,5.30 操作 暴涨
1992,2022.6 昨天 预期 调整
1993,完美 收官 两天 累计 回款 1W 期待 六月 开门红
1994,五月 六月
1995,股民 新能源 带动 大盘 连涨 多天 调整
1996,这基 挺稳 冲劲
1997,昨天 算到 新能源 调整
1998,努力 回去
1999,10 只鸡里 五月 唯一 亏损
2000,财经 晨信
2001,加油
2002,全职 炒股 第四 四周
2003,崛起 加油
2004,食品 开启 起飞 模式 可惜 上车 打算
2005,2.28 成本 感觉 下压
2006,日记 22
2007,好像 买点 一周 买点
2008,新能源 光伏 反弹 过高 均衡 配置
2009,19.87 怎办
2010,摊薄 2.5 举个
2011,永远 折磨 明天 上涨 清仓 我觉
2012,中期 长期
2013,大盘 选择 向上 突破 诱多
2014,完美 收官 聊聊 区分 主动 分类
2015,每日 点评 31
2016,A股 多条 均线 创业板 强势 反弹
2017,A股 红五月 完美 收官 六月 可期
2018,三个 回本 加油
2019,废物 海康 威视 回撤 44 大盘 3200
2020,尾盘 主力 卖出 明天 必跌 调整 新能
2021,不想 不行 4000 多只 红色 操作
2022,微笑
2023,指点 亏了 40 混在 加仓
2024,事实上
2025,韭菜 股票
2026,回到 3.5287
2027,捂脸 捂脸 捂脸
2028,磨底 时间 3150 压力 依旧
2029,收评 光伏 大涨 布局
2030,2022 回本 希望 希望 消费 持续
2031,明天 入场
2032,亏麻 投资 血泪史
2033,OTCFUND 005827 15%
2034,刚买 大跌 害怕
2035,金融 消费 光伏 助力 指数 突破 行情
2036,消费 食品 给力 拉动 行情 走势 一路上 稳住
2037,死去 活过来
2038,发现 羊毛
2039,延续 强势 撤退
2040,2022.5 31 收盘 播报 霸气 北向 资金 买入 140 亿元
2041,两天 大涨 新能源 小涨 明天 该轮 大跌
2042,创业板 大涨 2% 医药 医疗 消费 电子 多点 开花
2043,国家 刺激 消费
2044,算是
2045,OTCFUND 005827 行情
2046,第二轮 新能源 汽车 涨价 开启 短期 新增 订单 影响
2047,跌比 厉害
2048,午评 食品饮料 光伏 制造业 加速 回暖 指数 3200 点迈
2049,怂货
2050,22 国家 发展 改革 能源 印发 十四五
2051,2022.5 31 理财 日记 煤炭 光伏 涨要
2052,一路 强行 拉到 2.45 成本
2053,又行
2054,发力
2055,发愁
2056,加油 医药 超过
2057,算是 市场 转好 表现
2058,交易 记录 参考价值
2059,看好 消费 医疗 疫情 复苏 科技 创新 主旋律
2060,一无是处 后悔 没买 侯昊
2061,一点
2062,最差 已亏 40%
2063,医疗 体无完肤 反弹
2064,OTCFUND 005827 照样
2065,一万遍
2066,半死不活
2067,周一 欧市 小涨 休市 A股 反弹
2068,2022.5 31 昨天 右侧 追涨 六一 儿童节 礼物
2069,跟着 散户 血本无归
2070,迎来 反弹 操作 贴来
2071,财经 晨信 31
2072,小孩 礼物
2073,收评 新能源 上涨 近期 加仓
2074,中证 1000 大涨 9.55% 上证 50 0.96% 小盘
2075,性格
2076,日记 22 31
2077,月份 投资 定向 前瞻
2078,科技 消费 轮动 补涨 短线 进一步 乐观 看待
2079,海康 招行 不活
2080,复盘 下周一 A股 上涨
2081,消费 迎来 补涨 行情 煤炭 地产 领跌
2082,复盘 突破 3100 点后 反弹 延续
2083,新能源 光伏 半导体 医疗 投资 分享
2084,收益 鼓掌
2085,控制 仓位 永远 最低点 便宜
2086,转机 行情 明天 有望 持续
2087,百万 实盘 大头 29 投资 分享 后期
2088,投资人 控制情绪 理性
2089,周一 大涨 有没有 持续性 观点
2090,发力
2091,每日 点评 30
2092,感觉 好难
2093,反弹
2094,大涨 大成 新锐 价值 成长
2095,指数 震荡 格局 风格 轮动 乐观
2096,天大 喜信 顶流 jj 炼成
2097,公墓 jj 改革 关键
2098,复盘 创业板 指将 迎来 分化 板块 详细分析
2099,涨幅 正好 重仓股 吼吼
2100,三个 发现 地板
2101,上周 投资 复盘
2102,业绩 高水平 释放 区域 城农 商行 表现 亮眼 22Q1
2103,晚上 涨得 消费 涨得 消费 估值 2.85%
2104,进场 下个星期 还会
2105,每周 四天 剩下
2106,表现 不错 又行
2107,挺稳 冲劲 感觉 博时
2108,应变能力 太差
2109,放量 上涨 北向 资金 流入 消费 分析
2110,午评 端午 食品饮料 率先 起航
2111,2022.5 30 理财 日记 煤炭 涨要 右侧 追涨 加仓
2112,经济 参考报 多个 部委 负责人 接连 发声 一揽子 着力
2113,多项 政策 助力 经济 恢复 经济 基本面
2114,进退自如 债基 身手 敏捷 比例 固收
2115,A股 强势 金融 尾盘 需谨慎
2116,2022.5 30 午评 煤炭
2117,探底 回升 冲高 回落 指数 小幅 震荡 争夺 激烈
2118,行情 不错 波动
2119,OTCFUND 005827 上周 刚清
2120,收盘
2121,坤哥 一年 周发
2122,美团 海康 对换
2123,第二重 招商银行 真的 看不懂
2124,消费 指数
2125,OTCFUND 005827 该换
2126,OTCFUND 005827 垃圾 盲选
2127,收盘 高开低走
2128,财经 晨信 30
2129,两年
2130,日记 22 30
2131,A股 午后 跳水 翻绿 验证 这一 行情 本质
2132,周评 周末 消息面 汇总 下周 板块 布局
2133,分批 买入 案例
2134,OTCFUND 005827 无良
2135,投资 成败
2136,赌坤坤 赌大 崛起
2137,股债 性价比 抵达 3.0 后续 行情
2138,接盘 海康 威视 招生 银行 水平 十年
2139,2022.5 29 实盘
2140,百万 实盘 大头 27 投资 分享 耐心 等待 市场
2141,投顾 项目 周报 20220527
2142,OTCFUND 005827 每次
2143,OTCFUND 005827 多定
2144,权益 预冷 同业 爆火 冰火 两重天 背后 大部分
2145,小财 理财 收益 消费 港基 医疗 持仓 思路 分析
2146,公募 首席 经济学家 A股 市场 抄底
2147,穿着 运动裤 玉林 有没有
2148,长期 估值 辩证 思考
2149,基民 不管怎么 操作 盈亏 无关
2150,太阳 南边 一下张 恩赐 砖家 理财
2151,黑色 闪电 垃圾
2152,组合 周报 正表 20220527
2153,一周 4.17% 1.27% 收入 绩效
2154,差到 地步 操盘 韭菜
2155,混合型 证券 投资 更新 招募 说明书
2156,投资 亏了 20% 割肉 止损
2157,眼瞎 垃圾 两年 套牢 出不来
2158,收评 医疗 上涨 入场 布局
2159,欧美 市场 集体 小涨 A股 利好 频频 反弹
2160,往下走
2161,没发力
2162,关键 窗口期
2163,每日 点评 27
2164,但斌 最新 发言 10% 高端 仓位
2165,下车
2166,四天
2167,一周 4.17% 四天 1.27%
2168,图片
2169,OTCFUND 005827
2170,政策底 满月 天天 大盘
2171,斗基 大赛 005827
2172,走势 行情
2173,寂寞 礼拜 半死不活
2174,一年 亏损 20% 黑猫 投诉 平台 投诉
2175,请问 天天 估值 有算
2176,不愧 一哥
2177,险资 股票 仓位 处于 低位 机构 吸筹
2178,欧美 市场 跌多涨少 A股 反弹 有戏
2179,三连阴 投资 价值 深度 解析 一波
2180,星期 四天 小涨 厉害 买入 卖出
2181,假期 季报 观点
2182,欧美 市场 集体 小涨 A股 利好 频频 反弹
2183,持仓 里边 全红
2184,日前 国家 能源 发布 数据 显示 截止 11 月底 全国 风电
2185,灌死 一年 起色
2186,你好 一波 开盘 猛如虎 收盘 两毛五
2187,跳真 顶不住 剩下 仓位 加仓
2188,好不容易 回点 尾盘 A股
2189,啥时候 起飞 感觉 调整 一个月 接回来
2190,指数 遇阻 回落 午后 内外资 持续 小幅 流出 短期 该不该
2191,新能源 汽车 未来 发展 空间 非常广阔
2192,5.27 操作 风险 短期 调整
2193,一到 下午 拉稀
2194,小財 理财 27 操作 策略 证券 医疗 消费 半导体 电子
2195,回本
2196,连跌 终于 大涨 没得 房地产
2197,长期 持有 预测 行情 经济 增长
2198,这钩 指数 涨不动 大跌 肯定
2199,复盘 普涨 情绪 不错 新能源 板块 分析
2200,2022.5 27 理财 日记 煤炭 冲高 回落
2201,医疗 新能源 光伏 半导体 投资 分享
2202,日前 国家 能源 发布 数据 显示 截止 11 月底 全国 风电
2203,指数 冲高 回落 市场 纠结 后市 计划
2204,午评 指数 一周 原地踏步 化工原料 医药 教育 回暖
2205,垃圾 赶紧 回老家
2206,2022.5 27 午评 煤炭 快到
2207,别演 乐色
2208,明星 不行 去年 赢利 回去 亏损
2209,5.26 操作 盘中 拉升 调整 结束
2210,长期 持有 绿帽
2211,上周 买入 三份 本周 关注 ...
2212,抛弃 大哭
2213,新能源 股票 表现 有人
2214,懂得 无人问津 买入 懂得 人声鼎沸 卖出
2215,挺过 至暗 时刻 科技 龙头 划算
2216,持股 估值
2217,国家 能源 发布 数据 显示 截止 11 月底 全国 太阳能
2218,三块 两块 想着 低点 害亏 17
2219,一周 天跌 bi
2220,2022.5 27 盘中 板块 值得 关注 基建
2221,1000 30 摇身 600
2222,行业 不行 不行 平均数
2223,两年 32 个点 一点 越亏
2224,疯狂 来个
2225,规律 红色 星期五
2226,三天
2227,财经 晨信 27
2228,指数 小跌 指数 大跌
2229,日记 22 27
2230,深圳 发布 销费 恢复 措施 消费 板块 有救
2231,名副其实
2232,医药 回落 倒车 接人 告诉 答案
2233,收评 光伏 上涨 下跌 近期 加仓
2234,冲高 回落 基建 军工 高位 震荡 调仓
2235,成长 表现 蓝筹股 表现
2236,复盘 上涨 全红 板块 分析
2237,突发 大跳水 A股 下跌 原因 找到
2238,收评 光伏 新能源 近期 策略
2239,比翔 还翔
2240,星期天 天跌
2241,奇葩
2242,每日 点评 26
2243,光伏 新能源 半导体 医疗 投资 分享
2244,垃基中 战斗机
2245,不择 白马 时代 结束 菜坤
2246,一坨翔
2247,乐色 乐色
2248,购买 仓位 1%
2249,每周 四天 暴涨 0.1%
2250,四连绿
2251,规模 一百多 起飞 封神
2252,规模 资金 净值 腰斩 资金
2253,天天 坑爹 几个
2254,算上 四连跌 无语
2255,进场 不知
2256,北冥有
2257,真不香 一年 起色
2258,大盘 跌破 3100 近期 行情 还会 往下
2259,自选 唯一 估计 下跌 昨天 高手 高手
2260,废掉
2261,赎回 问问 地产
2262,一周 能行 坤哥
2263,好久 说话
2264,秃坤 限购 前以 分红 方式 基民 规避 风险
2265,OTCFUND 005827 周四
2266,禿坤
2267,大盘 大盘 涨起来
2268,减税 降费 支持 实体 经济 发展 资本 市场 一重 利好
2269,排到 人气 第三名 不要脸
2270,OTCFUND 005827
2271,有人 妈呀 胆子
2272,昨天 33.65 无语
2273,小財 理财 26 操作 策略 半导体 电子 医疗 消费
2274,2022.5 26 理财 日记 煤炭 基建 半导体
2275,OTCFUND 005827 真实 一年
2276,一季度 我国 吸收外资 开门 外资
2277,本事 跌倒 0.1
2278,公司 天天
2279,A股 低开 医药 芯片 光伏 等加
2280,垃圾 货色 冒充 几只 股票 跌成
2281,天天 真的 没意思
2282,一年 死翘翘
2283,明年
2284,收益
2285,聪明 信任 靠你了
2286,不行 再也 不买
2287,支付宝 两年 补仓 头皮发麻 还套 20 个点 亏了
2288,玩意儿 两百天 能亏 百分之三
2289,恶心 到家
2290,大盘 翻红 阿坤 持股 依然 绿油油 阿坤
2291,OTCFUND 005827 牛哇 大盘
2292,猴子 上蹿下跳 乐色 大笑 大笑
2293,005827 麻烦 价值 投资 成立 巴菲特
2294,tmd 星期
2295,回本 遥遥无期
2296,苏州 南京 热点 二线 城市 放松 限购 一线 城市
2297,利好 市场
2298,OTCFUND 005827 秃头 一根
2299,OTCFUND 005827 5000 恒生
2300,指数 兜兜 一圈 回来 解套 遥遥无期
2301,国务院 常务会议 加大 金融 支持 实体 经济 措施 鼓励
2302,此基为 第一 只基 重仓 浮亏 今日 清仓
2303,不行 调调 别死 喝酒 可怜
2304,A股
2305,佛祖 快点 超度 免得 害人
2306,新手 干货 积累 财富 投给 普通人 涨工资
2307,再见
2308,假期 公募 高质量 发展 意见
2309,最高点 两年 亏了 35% 割肉 韭菜
2310,葛兰 只能 躺平
2311,加油
2312,垫底
2313,心好
2314,鸡眼
2315,财经 晨信 26
2316,水平 垃圾 便宜
2317,一年 33
2318,OTCFUND 005827 黑暗 一周
2319,加油 加油 加油
2320,光伏 新能源 医疗 半导体 投资 分享
2321,胡乱
2322,乐色 乐色 无可否认 大笑 大笑 大笑
2323,净值
2324,明天 指标 发现 主力 真实 意图
2325,月底 出台 经济 政策 细则 美联储 加息 步伐 加快
2326,盘前 播报 A股 企稳 反弹 3100 有望 市场 支撑
2327,讲真 兰兰 治愈
2328,有进 举个
2329,日记 22 26
2330,OTCFUND 005827 万红 丛中
2331,封神 不行
2332,收益
2333,一年 40 个点
2334,全世界 唯独 绿色 人才
2335,收益 nice 大笑
2336,一位 优秀
2337,复盘 指数 突破 压力 全红 寻找机会
2338,垃圾
2339,机构 留下 散户 不停 加仓
2340,一年 33% 股票
2341,十大 重仓 全绿 垫底 阿坤 瞎蒙 出名
2342,自选 唯一 真行 雷小 能手
2343,每日 点评 25
2344,指数 回来 午后 挺住 希望 回口
2345,一年 亏了 百分之四十
2346,股票 四万元 八百 六十元 万元
2347,大盘 跌成 真想 出口
2348,不想 骂人 忍不住 要开 专业
2349,烂愁
2350,2500 一分钱
2351,三连跌 企稳 反弹 启动
2352,OTCFUND 005827 张坤能
2353,有没有 亏着 心痛
2354,管理 垫底 很快 垫底 名人 菜坤
2355,房贷 提前
2356,这比司 价高
2357,垃圾
2358,几天 表现 不佳 努力
2359,一颗 树上 吊死 大笑 大笑 大笑
2360,看不到 我发 评论
2361,潮水 裸泳 风来 血淋
2362,手握 七只 丫是 绿头 差评
2363,2.05 过不去
2364,一方 达上 浪费时间 垃圾
2365,活见鬼
2366,段时间 波动 便宜 筹码
2367,真的 垃圾 方向 只会 建仓
2368,放眼 国际 特斯拉 德国 柏林 工厂 投产 宣传 开发 锰基
2369,金牛
2370,今日 大跌 短期
2371,大盘 多点 明天 大盘
2372,购买
2373,盐水 两年 一个样
2374,风口 不过如此
2375,一键 布局 受益 油价 上涨 核心 石化 产业 资产 把握 石化
2376,长期 电动车 十年 黄金 赛道 中国 锂电 产业链 具备
2377,烂基 从来不 只能
2378,放眼 国际 特斯拉 德国 柏林 工厂 投产 宣传 开发 锰基
2379,市场 缩量 减仓 机会
2380,价格低 单价 摊底 上周
2381,62 与众不同 得意 得意 得意
2382,垃圾
2383,快亏
2384,4000 股票 上涨 阿坤 下跌 阿坤 失望
2385,OTCFUND 005827 我太难 昨天
2386,23 个点
2387,秃驴 要争 倒数 第一 大笑 大笑
2388,持有 这么久 困惑 扶不起 阿斗
2389,哈哈哈 哈哈哈 哈哈哈 哈哈哈
2390,情绪 回暖 3000
2391,垃圾
2392,2022 20 投资 思考
2393,永远
2394,后悔莫及
2395,看着 屁屁 吐吐
2396,OTCFUND 005827 大盘 反弹
2397,重仓 表现 理想
2398,景象 凉凉的 吃面
2399,行情 走势图
2400,没完没了
2401,勇敢 爱坤永 相随 记得 这句 誓言
2402,指数 垃圾
2403,创弱 预示 风格 切换
2404,收益
2405,垃圾
2406,排名 雄起 一回
2407,全球 光伏 发电 市场 发展 迅猛 国际 能源
2408,茅台 可不是 可口可乐
2409,放眼 国际 特斯拉 德国 柏林 工厂 投产 宣传 开发 锰基
2410,A股 第四次 面对 3100 刀头
2411,天天 没意思
2412,周定 主力 下手
2413,一群 价值 投资 长期 持有
2414,高点
2415,早盘 缩量 上涨 北向 资金 流入 午后 行情 表现
2416,感觉 表现 市场
2417,2022.5 25 午评 快速 回本 板块
2418,短线 区间 震荡 反弹 中长线 危得机
2419,纳指 周五 收跌 0.3% 本周 累跌 3.82% 创周线 连跌 标普
2420,亏亏 咋整
2421,每周 四天 现象
2422,OTCFUND 005827 股票 还会 反弹
2423,兴奋 兴奋 兴奋 兴奋 兴奋 恨死
2424,太难
2425,一泡 shi
2426,希望 回本 半年 十多个 砖家
2427,OTCFUND 005827 本想 憋着 不骂
2428,短期 理财 利器 同业 存单 指数
2429,医疗 两大 垃圾 小白 两个 垃圾
2430,一只 经营
2431,OTCFUND 005827
2432,这货 天天
2433,这一波 起码 反弹
2434,涨停
2435,熊市 反弹 布局
2436,OTCFUND 005827 废物 工作
2437,财经 晨信 25
2438,盘前 播报 美股 回落 A股
2439,混合型 证券 投资 产品 资料 概要
2440,日记 22 25
2441,垃鸡 一两年 三四十
2442,盈亏 日记 亏损 400 美股 反弹 周二 看涨
2443,2022 24 欧洲 指数 收盘 状况 截图 所示
2444,阿坤 表现 垫底 阿坤 失望 点赞
2445,盈亏 日记 亏损 2000 美股 今夜 大幅 回落
2446,收评 新能源 医疗 大跌 近期 操作
2447,表现 真的 不好
2448,茅台 顶握 这算 投资 下跌
2449,加大 投入
2450,收益 哈哈哈哈
2451,A股 再度 失守 3100 诱多 警告 两天 见效
2452,偷笑 偷笑
2453,疑问 水平 没错
2454,张坤能 全绿 水平
2455,平台 发帖子 狠快 屏蔽
2456,十大 重仓 长期 对冲
2457,A股 三大 指数 大跌 股市 外资 100
2458,身体健康
2459,两个 不愧 一哥 捂脸
2460,市场 波动 点评 24
2461,终于 回调 倒车 接人 机会
2462,早盘 上周五 追涨 煤炭 好像 正确
2463,OTCFUND 005827 好久
2464,指数 震荡 日线 抄底 布局
2465,几只 一只 选择 坤哥
2466,复工 复产 地方 食品饮料 抬头
2467,2021.01 22 估值 3.1652 进场 估值 2.0578 跌到
2468,辞职
2469,OTCFUND 005827 秃头 永远 亏神
2470,天天
2471,百万 实盘 大头 24 投资 分享 近期 关注
2472,基民 几年
2473,A股 三大 指数 大跌 外资 100
2474,慢慢 春食 资金
2475,求求 50
2476,好好 一波 欠揍
2477,啥时候 反弹 真的 太难
2478,几天 感觉 超跌 反弹 算不上
2479,A股 新一轮 上行 周期 市场 抄底 机会
2480,北向 资金 分析 行情 走向 减仓
2481,房地产 行业 政策 利好 频出 关注 布局 方向
2482,南京 套房 套房 贷款 利率 下调 主流
2483,20 卖出 奇怪 交易 不到 30% 分数
2484,18 央行 外汇局 提出 金融服务 加大 支持 实体
2485,边缘
2486,急紧
2487,滴汗 滴汗 滴汗 滴汗
2488,不见 不要命
2489,5.24 操作 大跌 反弹 结束
2490,房地产 市场 短期内 政策 加码
2491,22Q1 上市 银行贷款 余额 同比 增长 10.98% 依然
2492,22 中央政治局 会议 提出 支持
2493,丢人
2494,外资 再度 大幅 流出 70 A股 三大 指数 1%
2495,乐色 乐色
2496,蜗牛 出井 日子 惊讶 这基 这基
2497,还会 二次 探底
2498,真的
2499,化工行业 ETF 周期 成长 代表
2500,置换
2501,全是 看运气
2502,回老家 垃圾
2503,我定 这是 不错 买入 机会
2504,鬼多
2505,台阶 初生 反弹 不带
2506,2022.5 24 午评 快速 回本 板块
2507,一坨
2508,OTCFUND 005827 秃头 三年
2509,明天 大跌 个点
2510,借鉴 学习 专业 投资 机构 主动型 挑选 策略
2511,唯唯诺诺 一泻千里
2512,天天 大盘 雷王
2513,这支 真的 心到
2514,天天 干红
2515,跌落 神坛 大笑
2516,OTCFUND 005827 脑子
2517,大跌 原因
2518,多久 解套
2519,天天 对冲 啥时候 个头
2520,一碗
2521,财经 晨信 24
2522,时间 证明 只好
2523,真的 个点 剩下
2524,火苗 掐灭
2525,炒股 不过如此
2526,日记 22 24
2527,风格 漂移
2528,收评 下跌 半导体 上涨 近期 策略
2529,盘前 播报 A股 有望 上涨
2530,A股 大底 机构 纷纷 转多 看好
2531,三年 亏了 30% 卖定 离场 愿赌服输
2532,脑子 灵活机动 战略战术
2533,861 冒泡 伤心
2534,一回 回本
2535,自有 天道
2536,吊坤 无法形容 太差
2537,指数 上涨 短线 把握 节奏
2538,坤哥 大雷
2539,OTCFUND 005827 垃圾 20
2540,OTCFUND 005827 废材
2541,废物 废物 4.27 2.87% 新能源 反弹 15% 半导
2542,OTCFUND 005827 人真 明白
2543,上午 下午 一个点 至少
2544,要死 不落气 一只
2545,这是
2546,真的 五月份 4.11 回血 二十个
2547,副总裁 领导 贾健 小青年 好意思
2548,OTCFUND 005827 张秃 两年
2549,与时俱进 墨守陈规 固执己见 不知 变通 守株
2550,今人 失望
2551,麻辣
2552,OTCFUND 005827 nm
2553,900 几亿 规模 亏到 500 多亿 人才
2554,si
2555,自选 屏蔽掉 产品
2556,一日游 短线 不划算
2557,破罐破摔 多烂 多烂
2558,麻蛋 再也
2559,这基 啥时候 回本
2560,不行
2561,降低 打工仔 身份
2562,每日 点评 23
2563,半导体 新能源 光伏 医疗 投资 分享
2564,午评 光伏 半导体 抄底 告诉
2565,吃面 收益 指望 新基
2566,斗基 大赛 005827
2567,中国 证券报 市场 赚钱 效应 机构
2568,年报 解读 一年 血亏 135 千万 基民 路在何方
2569,上周五 泄气
2570,每周 一贴
2571,调整 到位 选股 能力 一流 估值 护城
2572,去年 四季度 一季度 海外 发行 中国 相关
2573,排名 垫底
2574,中国 证券报 市场 赚钱 效应 机构
2575,截止 25% 何时能 苦恼
2576,吃瓜
2577,重仓股 百分之 87 惊讶 惊讶 可怜 可怜
2578,组合 周报 正表 20220520
2579,不配 爱坤 信徒 鼓掌
2580,说实话 军工 回调 配置
2581,赚钱 只求
2582,军工 前段时间 回血 回调 回本
2583,一枚
2584,OTCFUND 005827 难愁 两年
2585,百万 实盘 大头 23 投资 分享 近期 关注
2586,涨个 两点 收益率 25 割肉 出局 为啥
2587,军工 个股 表现 分化 好像 行情
2588,长期 持有 加仓 依然
2589,双杀 同胞们 茅台 重回 23
2590,多人 割肉
2591,不办 人事
2592,大盘 大涨 这鸡 没戏
2593,午后 持续 拉升 赛道 偏弱 题材 活跃
2594,5.23 操作 震荡 行情
2595,管管 基民
2596,难过
2597,跌得 诺安 成长 跌得
2598,不知 明星 市场
2599,这货 千万别
2600,一支 红绿 人比坤哥 指数
2601,坤哥 好久不见 没出息 阿斗 再世
2602,大佬 观点
2603,财经 晨信 23
2604,大盘 博弈 阶段 力度
2605,OTCFUND 005827 不知
2606,牛牌 垃圾
2607,OTCFUND 005827
2608,一月 只能 时间 挨打
2609,玩意 一日游 对冲 没完没了
2610,OTCFUND 005827 每周 一必
2611,OTCFUND 005827
2612,欧美 市场 涨跌互现 A股 压力
2613,OTCFUND 005827 百分之三十
2614,OTCFUND 005827
2615,回家 垃圾
2616,横盘 好久
2617,复盘 指数 大涨 全红 耐心 市场 机会
2618,日记 22 23
2619,OTCFUND 005827 抑郁
2620,OTCFUND 005827 大盘
2621,周评 周末 消息面 解读 下周 布局
2622,OTCFUND 005827 明天 何去
2623,斗基 大赛 005827 国际 形式
2624,一周年 纪念日
2625,5.22 复盘 医疗 半导体 新能源 行业 估值 分析
2626,周评 周末 消息面 解读 下周 布局
2627,盈亏 日记 盈利 2.6 美股 下跌
2628,2018 年底 底部 构造 分析 底部 空间
2629,双休 消息 汇集 下周 行情 延续 反弹
2630,午评 A股 高开低走 市场 下跌 原因 找到
2631,上市 新股 无一破发 市场 赚钱 效应 明显增加
2632,韭菜 坚挺 割肉
2633,抑制 冒尖 明星 薪酬 大限
2634,分类 方法 大家族 傻傻 分不清
2635,A股 重返 3100 回血 4800 下周
2636,500 多亿 套路 副总裁 值得 拥有
2637,投顾 项目 周报 20220520
2638,收评 喝酒 吃药 行情 重现 加仓
2639,远虑 近忧
2640,基友们 早上好 我用 农行 卡买 昨天 3.3266
2641,请问 亲们 规模 减少 是因为 基民 赎回 基金净值
2642,告诉
2643,小财 理财 收益 消费 持仓 前景 分析
2644,丘栋荣 想起 年半前
2645,基友们 早上好 我用 农行 卡买 昨天 3.3266
2646,好戏 后头
2647,近百年来 首次 指连跌 A股 影响
2648,大跌 今年以来 44
2649,医药 反弹 告诉
2650,5.20 投资 分享 央行 降息 提振 市场 信心 市场 反弹
2651,这鸡 亏了 几百亿
2652,斗基 大赛 005827
2653,太难
2654,A股 独立 不惧 美股 暴跌 A股 走强
2655,2022 18 欧美 指数 收盘 状况 截图 所示
2656,孤身 进全仓 模样 对峙 绝望
2657,小財 理财 20 操作 攻略 消费 金融 高端 制造 半导体
2658,收盘 第一次 站上 3100 行情 持续 多久
2659,一年 惨样 滴汗 滴汗 滴汗
2660,基民 大幅 亏损 多久
2661,OTCFUND 005827 好几年 总感
2662,满血 复活 加油 加油
2663,纯白
2664,要涨 点力 拿出 大哥 样子
2665,每日 点评 20
2666,退钱
2667,行情 走势图
2668,何年何月
2669,29 个点 咋整
2670,平安 银行 几千万 大哭
2671,基友们 520 快乐
2672,死守 酒业 市场 无情 改变 观念
2673,市场 赚钱 能力 能力 赚钱
2674,yyds
2675,昨天 没加 行情 预料到
2676,国务院 常务会议 加大 金融 支持 实体 经济 措施 鼓励
2677,医药 齐涨 起色
2678,A股 三大 指数 暴涨 收复 3100 煤炭
2679,绿帽 一年 27%
2680,OTCFUND 005827 昨天 减了 一半
2681,一季度 我国 吸收外资 开门 外资
2682,尾盘
2683,太坑
2684,重仓 好几个 暴雷 招商 海康 威视 选股
2685,指数 强势 站上 3140 领涨 4% 止盈
2686,垃圾 自酒 涨得 跌比 跌得
2687,调整 到位 建仓
2688,走势 真给力 入手
2689,双重 起飞
2690,坑太深
2691,透透 芯片 机会
2692,好境 钓鱼 估计 下个星期 回去
2693,盈亏 日记 盈利 1.3 周五 市场
2694,32.58 咋办 割肉
2695,5.20 操作 利好 来袭 医疗 大涨
2696,煤炭 放量 大涨 今日 思路 分享
2697,A股 打架 总算 一致性
2698,拜拜 没亏 看着 半死不活 样子 真的 难受
2699,医疗 新能源 光伏 半导体 投资 分享
2700,震荡 横盘 筑底 反转 时机 暂且 补仓
2701,涨涨跌跌 操作
2702,补仓
2703,斗基 大赛 005827
2704,月份 市场需求 减弱 全国 一百多个
2705,20 多个 回暖 亏剩
2706,午评 上证指数 收复 3100 煤炭 食品饮料 领涨
2707,红利 越涨 估值 越低
2708,涨势 最少 四个 tm
2709,盘前 消息 汇集 今日 大盘 依旧 走出 独立 行情
2710,四个
2711,割以 咏志 看着 天天 心烦
2712,30% 收益
2713,多一点 雪中送炭 一点 锦上添花
2714,放点 养老
2715,海康 威视 有望 个点
2716,懒得 气若游丝 飞流直下
2717,宁德 时代 传来 利好 新能源 板块 能涨
2718,只基 回本 算上 30% 没敢 加仓
2719,各票 价值 区间 建仓 十年 必有
2720,爆涨 行情 一点 下午
2721,跌比
2722,脏猪
2723,一文 讲清楚 现金管理 新宠 同业 存单 指数
2724,财经 晨信 20
2725,30% 收益
2726,多空 雷达 17 分析 策略 光伏 锂电 芯片
2727,盘前 消息 汇集 外围 大跌 影响 走势
2728,垃圾 亏了 30%
2729,方向 糟糕
2730,日记 22 20
2731,当饭 下场 执迷不悟 不适
2732,涨回去 感觉 至少 一年
2733,死死 抱住 刘彦春掉 酒里 淹死
2734,难耗
2735,OTCFUND 005827 十大 重仓 全绿
2736,张坤坤
2737,真牛 十大 持仓 全绿
2738,滥竽充数
2739,40 1000 管理费 拖死
2740,喜欢 认同 投资 理念 坚定 持有 投资者
2741,股票 管理费 重仓
2742,业绩 招商 中证白
2743,酒基 跌跌 盘子 过大
2744,收评 光伏 大涨 后期 操作
2745,这基 行情 啥时候 回暖 今天下午
2746,5.19 投资 分享 A股 低开 市场
2747,明白 放手
2748,斗基 大赛 005827
2749,最惨 亏近 46% 大佬 业绩 曝光 15% 谢治宇
2750,禀赋 效应 影响
2751,基没 希望 值得 补仓
2752,请问 茅台 是从 强国 利器 可不
2753,复盘 指数 低开 赛道 大涨 耐心 黄金
2754,垃圾 到极点
2755,这支 最高点 百分 六十
2756,明星 没完
2757,蚌埠 实话 看置顶 那条 帖子 一乐
2758,净资产 一半 余额 一半
2759,兴奋
2760,3100 18 复盘
2761,周四
2762,真的 垃圾
2763,瘟猪 只顾 三大 股指 跌得欢
2764,水平 一条 坑跌 到工
2765,几天 帖子 出事
2766,肯定 止跌 1.76
2767,确实 不行
2768,持有 全是 垃圾股 绿油油
2769,一顿
2770,凉快 没理 鸟样
2771,垃圾
2772,调整 没事 大幅 接受 期待
2773,两年 补不动 信心 动摇 心累
2774,深井 天天
2775,逆天
2776,垃圾 水平
2777,真的 丧坤 一两年 起不来
2778,也许 少点
2779,申请 何年何月
2780,新低 鼓掌 鼓掌 鼓掌
2781,千万别 15 常态 亏了 55%
2782,OTCFUND 005827 秃头 一根
2783,十大 持仓 厉害
2784,OTCFUND 005827 仔细
2785,反弹 真的 真的
2786,发现 死脑筋 研究 股票 不调
2787,真棒 你老 天天
2788,垃圾 亏了 三十五个
2789,水平 太高 自选 倒数 第一 自选股 全绿
2790,明天 关键 17 复盘
2791,图片
2792,到极点
2793,到极点 明星
2794,垃圾 赎回 随意
2795,玩个 全绿 龙头
2796,张驴
2797,每日 点评 19
2798,几天 倒闭 出份力
2799,蠢笨
2800,垃圾
2801,想想 办法
2802,承认
2803,这条
2804,赶不上 热乎
2805,跌破 短期 支撑 指标 告诉 答案
2806,可恶 跌时 估值
2807,天下第一 忘不了 鞋生 好儿
2808,垃圾
2809,真的 失望 真的
2810,策略 深套 舒舒服服 管理费
2811,垃圾 王者
2812,几只 几天 暴跌
2813,下课
2814,厉害 跟着 张坤准 没错
2815,股票 全绿
2816,亏了 一年 管理费 收得 盆满
2817,跟着 不到 一年 西北风 微笑
2818,这辈子 一年 打开 账户 一看
2819,ccc
2820,下课
2821,垃圾
2822,秃驴
2823,只求 亏损 百分之二十 高岗站 望风
2824,坤哥 坤哥 努力 回本 告诉
2825,十大 重仓 全是 太牛
2826,活都 活不下去 喝酒 保健 充钱 打游戏
2827,科普 知识 600 多万条 老手 专业人士 同台
2828,换人
2829,OTCFUND 005827 自救
2830,无底洞
2831,管理费
2832,光伏 新能源 半导体 医疗 投资 分享
2833,OTCFUND 005827 两个
2834,日前 国家 发改委 发布 氢能 产业 发展 中长期 规划 20
2835,基民
2836,时不时 时刻 提醒 跟风
2837,OTCFUND 005827 垃圾 秃子
2838,风口
2839,穿着 拉拉 裤过 一辈子
2840,回本 之路 漫漫
2841,全绿 秃坤 水平
2842,今日 市场 震荡 调整 A股 原因 找到
2843,没见 乐色 乐色 公司
2844,眼睛
2845,醒醒 醉生梦死
2846,最终 予以 撤销 国内 光伏 产业 利好
2847,外面 翻天 股票 四五个
2848,小财 理财 19 操作 策略 分享 消费 医疗 半导体 高端
2849,权重 攻击 天天 做空
2850,持仓 全绿
2851,大盘 1.5% 垃圾
2852,医疗 垃圾 两只 晕死
2853,OTCFUND 005827
2854,挥泪 大清 不玩
2855,成本 滴汗
2856,疫情 该香 赚大 财力
2857,芯片 板块 时间 空间 调整 足够
2858,最差
2859,看好 芯片
2860,睡着 指数
2861,垃圾 一年 回来
2862,放眼 国际 特斯拉 德国 柏林 工厂 投产 宣传 开发 锰基
2863,5.19 操作 光伏 暴涨 今日 策略
2864,确实 徒有虚名
2865,难受
2866,光伏 新能源 半导体 医疗 投资 分享
2867,天天 天天
2868,买基 须知 规则 风险 叠加 道德风险 基民 难验
2869,真的 无药 可救
2870,mm 持有 重仓股 一支
2871,21 国家 能源 发布 全国 电力工业 统计数据 全国
2872,眼光 牛市 挣钱 水平 真是太
2873,天天
2874,哭泣
2875,44% 最惨
2876,大涨 小涨 小跌 大跌 盈利 小亏
2877,大平 理财 指数 大涨 全红 耐心 等待 重仓 机会
2878,垃圾
2879,这是 一只 活力 死鸡 难以 翻身
2880,5.18 操作 风险 减仓
2881,持仓 克拉斯
2882,社会 垃圾 恶心
2883,OTCFUND 005827 垃圾 凸坤
2884,17 纳指 收涨 2.76% 标普 500 指数 收涨 2.02%
2885,垃圾
2886,废物
2887,无底洞 微笑
2888,这鸡 确实 不行
2889,买入 卖出 交易 偏差 账户 一万多
2890,3.1
2891,重仓 股票 大跌 盯上
2892,二年 半死不活
2893,持仓 比例 最多 这是 喝醉 困惑
2894,一年 亏了 36 个点
2895,人多 地方
2896,坚挺 一年 两年
2897,价值 投资 十年
2898,过分
2899,永远 不调
2900,骗局
2901,稳住 稳住 下午 转红
2902,中概 大跌
2903,垃圾 两年 不行
2904,OTCFUND 005827 不愧 中国 巴菲
2905,优秀
2906,估值 不准 腾讯 美团 跌幅 做好 大跌 三四
2907,引咎辞职 好意思
2908,一年 35 个点 不让 人活 张坤能
2909,挺稳
2910,A股 三次 上攻 3100 未果 释放 信号
2911,无非 品牌 散户
2912,倒霉
2913,一年 亏了 25 个点
2914,全员 绿帽子
2915,辞职
2916,炸弹
2917,救活
2918,几支 一支
2919,10 隔壁邻居 他家 做客
2920,能干
2921,暴涨 不见 高开 多点 真特 垃圾
2922,真特
2923,最少 明天 赎回
2924,错过
2925,习惯 天天 常事
2926,垃圾
2927,垃圾
2928,韭菜 韭菜 暴跌
2929,垃圾
2930,财经 晨信 19
2931,BBQ
2932,完蛋
2933,暴跌 绿到 发慌
2934,日记 22 19
2935,耗光 家底 药茅 接近 8% 医药
2936,斗基 大赛 005827 该赛 周期 截止
2937,图片
2938,盈亏 日记 亏损 9000 周二 市场
2939,斗基 大赛 005827
2940,垃圾 不行
2941,收评 光伏 上涨 下跌 近期 策略
2942,昨天 涨点 回去 咋整
2943,每日 点评 18
2944,海康
2945,尾盘 拉升 一波 想着 搞不好
2946,收评 光伏 上涨 下跌 近期 策略
2947,丘栋荣 专户 之谜
2948,光伏 新能源 半导体 医疗 投资 分享
2949,股民 1.97 基民 7.2 股票
2950,限购 加仓
2951,图片
2952,3100 久攻不下 A股 底气不足
2953,清仓
2954,好好 总在 涨跌 之间 摇摆不定
2955,消费 方向 昨天 消费 数据 出台 表现
2956,没意思 管理费
2957,看着 一群 傻瓜 这颗
2958,咬牙 忍一忍 迎来 拉升
2959,新能源 汽车 半导体
2960,心累
2961,央行 上海 总部 推动 金融机构 加快 对接 复工 复产
2962,加仓
2963,银行 板块 投资 主线 信用 增长 区位
2964,大平 投资 分享 缩量 上攻 压力 关口 机会
2965,买买
2966,多空 雷达 18 分析 策略 抄底 专业
2967,银行 板块 投资 主线 信用 增长 区位
2968,信坤坤 永生
2969,小財 理财 操作 攻略 分享 高端 制造 半导体 持仓 分析
2970,医疗 葛兰 兴奋 兴奋 兴奋
2971,Fund 群英 交银 三剑客 之外 执掌 消费 玄铁重
2972,5.17 复盘 明日 关注 板块 机会
2973,垃圾 卖跌
2974,隔壁 不用 加点
2975,永远 全国 最差 超越 用不上 十年
2976,OTCFUND 005827 秃头 亏钱
2977,OTCFUND 005827 感觉 买什
2978,莫慌 莫慌 莫慌
2979,OTCFUND 005827
2980,哥要 淡定 静下心来 操作 节奏 感觉
2981,一朵花 没开 俏皮 俏皮 俏皮
2982,没人
2983,东西 对冲
2984,指数 震荡 走弱 小盘股 活跃 后市
2985,垃圾
2986,重仓 玩意 老鼠 公司 没人管
2987,回去
2988,散户 资本 奶牛
2989,海康
2990,完蛋 犊子
2991,百分之二十
2992,吐血 行情
2993,没次 首当其冲
2994,财经 晨信 18
2995,美股 大涨 一揽子 利好 消息 解读
2996,新能源 暴涨
2997,萧楠 持仓
2998,算大涨 食品 还好 海康 半死
2999,日记 22 18
3000,盈亏 日记 盈利 2.6 周三 市场 延续 反弹
3001,收评 新能源 下跌 加仓
3002,回本 跪求 百分之四十 涨停 求求
3003,买点 基建
3004,市场
3005,小财 理财 行情 回顾 独立 行情
3006,好久没 500 300
3007,一年 账面 盈利 4w 盈利 2q 经历
3008,持有
3009,持仓 吓人
3010,新能源 半导体
3011,震荡 上行 不错 慢慢 修复
3012,每日 点评 17
3013,持有 帽子
3014,冒泡
3015,冒个
3016,还好
3017,不亏 一哥 爱坤永 相随
3018,好久没
3019,不错
3020,收评 新能源 半导体 大涨 近期 操作
3021,收评 新能源 半导体 大涨 近期 操作
3022,加仓
3023,几天
3024,有没有 一个点
3025,小財 理财 收益 长线 优势
3026,行情 走势图
3027,新能源 光伏 半导体 医疗 投资 分享
3028,温馨 提示 下周一 香港 市场 休市 故含
3029,国务院 常务会议 财政 货币政策 就业 优先 导向
3030,新周 操作 建议 一周 板块 仓位 轻者
3031,A股 很强
3032,逃离 正确 药酒
3033,600 规模
3034,新能源 半导体 反弹 没戏
3035,这下 真的
3036,垃圾 30%
3037,海康 清仓
3038,3100 压力 外资 大幅 流出 行情
3039,能力 投资 成败
3040,林森 离职 同款 值得 托付 新益
3041,指数 冲击 3100 受阻 回落 该不该 加仓 操作
3042,市场 冲高 回落 半导体 光伏 新能源 军工 加仓
3043,喧嚣 熊市 方显 英雄本色
3044,5.15 复盘 医疗 军工 半导 新能源 行业 估值
3045,A股 机构 出手 赛道 反弹 股票 尾盘
3046,价值 投资 笑话
3047,5.17 投资 分享 市场 处于 估值 低位 板块 值得 关注
3048,时间 检验 好基 唯一标准 震荡 筑底 多点 耐心
3049,为啥 个股 大涨 只涨 一点
3050,价值 投成 笑话
3051,海威 康视 真的
3052,2020 年入 坑定 星期 一笔
3053,三四个 叹气 叹气 叹气 叹气
3054,劳资 后悔 没转 新能源 后悔 肠子
3055,外围 涨跌互现 A股 负重 前行 韧性
3056,表现 感觉 全靠 招行
3057,坤子 稳倒 亏损 十几个 徘徊
3058,城市 短时间 连续 出台 多个 放松 政策 本轮 放松
3059,银行 板块 投资 主线 信用 增长 区位
3060,A股 反弹 医药 光伏 芯片
3061,浪费
3062,真差
3063,反弹 tm 大涨 行情 死样
3064,行情 配得 垃圾
3065,早盘 指数 上涨 北向 资金 流入 医疗 走弱 金融 半导体 电子科
3066,这货 回事 天天 不活
3067,23 大头 操作 策略
3068,18 央行 外汇局 提出 金融服务 加大 支持 实体
3069,早就 重视 美团 忽视 海康
3070,NN 每次 多涨
3071,ntm 垃圾
3072,下台 好意思 位置
3073,海康 威视 没关系 下个季度
3074,海康
3075,海康 威视 爹妈 临走前
3076,10 大仓 爆雷 雷王
3077,实盘 周报 首套 房贷利率 下调 下周 迎来 地产 行情
3078,海康 威视 赶紧 每次 拖后腿
3079,毕业 人生 第一个 10
3080,长沙 出台 楼市 新政 鼓励 存量房 出租 方案 长沙市
3081,海康 威视 哪天涨 得意
3082,明星 操作 去年 年初
3083,海康 威视
3084,报团 操作 股民 差劲
3085,只基 操作 亏损 最多
3086,海康 威视 天天
3087,对冲 不行
3088,有人 账号 登录
3089,财经 晨信 17
3090,盘前 消息 汇集 经济 数据 出炉 行情
3091,几年 存到 银行 稳稳 战胜 百分之
3092,盘前 播报 短期 市场 反弹 这一 数据 关注
3093,新锐 TOP10 重仓 房地产 最受 机构
3094,上周五 欧美均 反弹 A股 再涨
3095,多重 利好 之下 A股 冲高 回落
3096,混合型 证券 投资 产品 资料 概要
3097,连跌 两天 指标 发现 主力 真实 意图
3098,日记 22 17
3099,回本 一步
3100,发光 意志 消沉
3101,可转债 快速 coco
3102,盘前 播报 美股 大幅 上涨 A股
3103,小財 理财 行情 回顾 医疗 消费 金融 下跌 居前 行情
3104,这一关 16 策略
3105,关键 窗口期
3106,波浪理论 关注 市场 长期 走势
3107,探底 谨慎 乐观
3108,卧龙 凤雏 两个 俏皮
3109,周末 说好 一堆 利好
3110,腰斩
3111,每日 点评 16
3112,进场
3113,专家
3114,斗基 大赛 005827
3115,没救
3116,垃圾
3117,5.16 投资 分享 医疗 跌跌 不休 现今 抄底
3118,茅台
3119,市场 企稳 上车 芯片 etf 上周 不错
3120,A股 旱地 拔葱式 大涨 核心 原因 三个
3121,机会 抄底 感觉 机会 008888 做个
3122,亏损 30%
3123,千亿 顶流 人均 亏损 百亿 明星 值得 信赖 聪明
3124,关注 跌得 诺安 成长 跌得
3125,公司 地址
3126,建仓 芯片 指数 008888 三星电子 代工 客户
3127,千亿 规模 权益 市场 大幅 调整 湮灭
3128,段时间 表现 季报 加仓 美团
3129,下午 能拉 这面 吃定
3130,100 30
3131,负责人
3132,垃圾
3133,指数 高开低走 看少动
3134,海康 妖股
3135,医疗 新能源 光伏 半导体 投资 分享
3136,垃圾 此生
3137,5.16 操作 策略 分享
3138,5.14 操作 策略 分享
3139,这鸡 生成 两天 生蛋
3140,垃圾 天天 对冲
3141,天天 大盘 服气
3142,发生 撒子 数据 看不见 持仓 信息
3143,看不见
3144,交了 万五 学费
3145,持仓 看不见
3146,没意思 一万五 学费
3147,废物 距离 两年 364
3148,莫慌 莫慌 莫慌
3149,两个 点够
3150,金牛 持有 基民
3151,一年 退休 永远 神坤 落到 基民
3152,爱坤永 相随 誓言
3153,涨得 最少 跌得 最多 真有 tm 人才 千古
3154,指数 高开低走 午后 有没有 反攻
3155,垃圾 垃圾 垃圾
3156,收评 新能源 上涨 下跌 近期 操作
3157,收评 新能源 上涨 下跌 近期 操作
3158,跷跷板 行情 煤炭 银行 发力
3159,这水 水花 压得 真好 捂脸
3160,5.13 操作 策略 分享
3161,财经 晨信 16
3162,盘前 消息 汇集 市场 维稳 行情 震荡
3163,社融 遇冷 套房 商贷 利率 下调
3164,日记 22 16
3165,大盘 面临 方向 选择 指标 发出 回调 信号
3166,外资 一周 减仓 A股 70 多亿 下周 市场
3167,下周
3168,周末 消息面 重磅 指五 连阳 3100
3169,一周 复盘 收益 16617 投资 组合 搭配
3170,指数 型基金 通俗易懂 解释
3171,月底 五月 加持 68
3172,周评 社融 数据 低于 同期 下周 板块 操作
3173,五千 周投 一万 圆弧底
3174,光伏 军工 医疗 新能源 煤炭 分析 下周 计划
3175,10 赎回 几号
3176,建议 海康 美团 位置 换下
3177,新能源 光伏 医疗 半导体 投资 分享
3178,社融 数据 几个 重点 读懂
3179,选对 慢进 选错
3180,人心 队伍 不好
3181,小財 理财 收益 银行 港基 消费 分析 持仓 思路
3182,回本 大爷 跪求
3183,OTCFUND 005827
3184,一年 没长
3185,盈亏 日记 亏损 400 明天 周五
3186,投顾 项目 周报 20220513
3187,5.12 投资 分享 医药 补涨 煤炭 冲高 回落
3188,美股 三大 指数 集体 大涨 下周 A股
3189,持仓 股票 腰斩
3190,水平
3191,持有
3192,组合 周报 正表 20220513
3193,盈亏 日记 盈利 6900 下周 A股 有望 延续 反弹
3194,名单 公布 盈亏 经历 滴蜡 复盘 38
3195,小跌 关键 指标 显示 周一 会涨
3196,每日 点评 13
3197,喜提 连涨 关键 指标 看清 主力 意图
3198,滴汗 滴汗
3199,心疼 500 多亿
3200,财经 晨信 12
3201,海康 斩仓
3202,资金 博弈
3203,帖子
3204,今日 市场 反弹 结束 关注 板块
3205,十个 行情
3206,估计 减仓 海康
3207,净值 估值 抢先一步 大跌
3208,大盘 百分之十几 回调 百分之八十 坤哥
3209,大盘 回调 百分之十几 这支 回调 百分之八十
3210,币圈 一夜 巨震 比特 信仰 崩塌
3211,海康 威视 关系
3212,加仓 美团
3213,海康 威视
3214,投资人 交流 交流
3215,海康 威视
3216,雷小 能手 腾讯 海康 招行
3217,5.13 投资 分享 市场 估值 处于 历史 低位 信心 黄金 更重
3218,换个 良心
3219,午评 A股 冲高 回落 午后 依然 机会
3220,收评 新能源 半导体 大涨 行情
3221,信贷 投放量 增价稳 息差 业务 贡献 有望 提速
3222,大平 投资 分享 大盘 震荡 坚挺 耐心 等待 机会
3223,这波 跳水 属实 没看 这基 好好 持有
3224,冯柳 顶流 海康 威视 美国
3225,总经理 老师 周末 愉快 友情 提醒 建议
3226,私募 魔女 吹响 中证 1000 集结 战否
3227,2.9 感觉 无望
3228,价值 投资
3229,盘子 太大
3230,大哥 快点 睡够
3231,wuli 欧巴 商业模式 自下而上 宏观
3232,OTCFUND 005827 海康
3233,乐色
3234,神基 高接 能手 平安 银行
3235,没赚 过钱 好评
3236,海康 威视 天天
3237,医药 新能车 光伏 半导体 军工 最新
3238,市场 来到 平衡点 关注 仓位 反弹 延续 概率
3239,中概 不行
3240,垃圾 不涨 你会 买个
3241,一季度 我国 吸收外资 开门 外资
3242,海康 威视 气出 内伤 mmb 天天
3243,东西
3244,18 央行 外汇局 提出 金融服务 加大 支持 实体
3245,美联储 鹰声 资产 压力 趋紧
3246,人民币 汇率 持续 走弱 经济 生活 A股 带来 影响
3247,对冲
3248,感觉 此基 之中 晚期 令人恼火 心烦 恶心
3249,海康 这支 坑苦
3250,浮亏 行情 不太好
3251,清仓 好赚 管理费 一张
3252,死猪不怕开水烫
3253,芭比
3254,重仓 海康 银行 香港 交易所 10 重仓
3255,炒股 不想 投给 炒股
3256,腾讯 美团 反弹 海康 威视
3257,海康 威视 对冲
3258,回本 清仓
3259,对冲
3260,海康 威视 那天
3261,涨死
3262,新浪 报道 中庚 满仓 美团 看好 互联网 哥美
3263,恒生 这鸡 不动
3264,盘前 播报 欧美 集体 回落 A股
3265,海康 威视
3266,早点 篇文章 错过 业绩 拔尖
3267,海康 威视 去年 没行 大部分 时间
3268,A股 滞涨 已见 操作 关键 提前
3269,雷王 一堆 上涨 海康 威视
3270,海康 威视 .. 几个 交易日 30 个点 孤儿
3271,城市 短时间 连续 出台 多个 放松 政策 本轮 放松
3272,海康 威视
3273,玩意儿 基民
3274,被套 20 多点 海康 至少 百分 30
3275,坤哥 老婆 辛苦 消停
3276,海康 跌停
3277,海康 玩意 只跌 不涨 看着 恼火
3278,一颗 耗子 打坏 锅汤
3279,天天 爆雷
3280,震荡 更好 持基 体验 招商 FOF 凸显
3281,光伏 风电 再迎 利好 能涨
3282,垃圾
3283,海康 威视 利益 来往
3284,反弹 一波 下跌 主机
3285,35 啥时候 回本
3286,慢慢 反弹 基回本 希望
3287,垃圾
3288,广州市 迎来 第三 房贷 降价 此轮 调价
3289,外资 今日 出逃 抛售 茅台 中国 平安
3290,盘前 消息 汇集 关注 芯片 板块 表现
3291,财经 晨信 13
3292,欧美 跌多涨少 表现 较弱 A股 挺起 脊梁
3293,陆家嘴 财经 早餐 563000 2022 05 13
3294,风控 日报 563000 20220513
3295,A股 下跌 市场 下跌 原因 找到
3296,日记 22 13
3297,大平 理财 耐心 等待 满仓 时机 信心 黄金
3298,明天
3299,外资 大幅 流出 茅台 宁王 短期 关注 一点
3300,市场 冲高 回落 明天 震荡 上行 阳线
3301,明星 回撤 61% 软件 算错
3302,波动 一点儿 不好
3303,小财 理财 行情 回顾 分析 行情 表现 几点
3304,规模 再减 一半
3305,每日 点评 12
3306,棒棒 延续 昨天 上涨 行情
3307,OTCFUND 005827 终于 调仓
3308,老鼠 举报
3309,不行 换人 水平 差劲
3310,盈亏 日记 盈利 2.8 努力
3311,橱窗 增加 规模 增速 太快 真的 会影
3312,收评 医疗 上涨 加仓
3313,下岗
3314,几天 算上 跌幅 回撤
3315,盈亏 日记 盈利 万多 明天 周四
3316,一季度 我国 吸收外资 开门 外资
3317,房地产 市场 值得 投资 不想 承担
3318,为啥 导致 只跌 不涨 你何
3319,午评 医药 券商 新能源 半导体 看法
3320,姥姥
3321,去年 六月 八百多 五百多 还够 糟蹋 一阵子
3322,去年 六月 广发 交易所 拖儿 推荐
3323,垃圾 崽子 改变 下跌 局面
3324,海康
3325,对冲 第一 不要脸
3326,tmd 腊鸡
3327,垃圾 玩意
3328,国务院 常务会议 加大 金融 支持 实体 经济 措施 鼓励
3329,左手 显微镜 右手 望远镜 投资者 发出 两年 之约
3330,外资 香港 香港 交易所 只能 阴跌
3331,月份 市场需求 减弱 全国 一百多个
3332,A股 兑现 箱体 回落 预期 高位 人气 退潮 尾盘
3333,看着 曲线 熟悉 发现 东西 韭菜
3334,医疗 半导体 新能源 光伏 投资 分享
3335,重仓 香港 交易所 银行 海康 哪天涨 天天
3336,反弹 一波 下跌 主机
3337,不演
3338,回本
3339,5.11 暴涨 减仓
3340,废物
3341,多点
3342,弱势 行情 买入 货基 选择 买入
3343,心态 真的
3344,每日 问答 低吸 低位 点定 高位 卖出
3345,太累
3346,新能源 芯片 光伏 医药 稀土 解读
3347,持股 轮番上阵
3348,财经 晨信 11
3349,5.10 投资 分享 无惧 调整
3350,典型 躺平 盘子 不思进取
3351,垃圾
3352,回事 大哥
3353,谢治宇 草鞋 不配
3354,勇者 认清 投资 真相 依然 拥抱
3355,北向 资金 连续 三周 流入 消费 聪明 提前 布局
3356,不涨 跟着 大跌
3357,海康 真的
3358,真拉
3359,菜虚坤
3360,金融 负责 金融 行业 巧合
3361,欧市 反弹 大跌 A股 再接再励
3362,重仓 香港 交易所 哪天涨
3363,一泻千里
3364,盘前 播报 周四 魔咒 打破
3365,小財 理财 行情 回顾 港基 银行 半导体 高端 制造 分析 行情
3366,风控 日报 563000 20220512
3367,陆家嘴 财经 早餐 563000 2022 05 12
3368,日记 22 12
3369,多头 冒进 上攻 A股 指数 突破 箱体 上涨 行情 延续
3370,自购 市场 低位 担忧
3371,张基 不行
3372,活在 恐惧
3373,欧美 市场 止跌 A股 再涨
3374,盈亏 日记 亏损 2000 周二 市场
3375,22 国家 发展 改革 能源 印发 十四五
3376,今日 反弹 结束 估值 低位
3377,大平 理财 热门 赛道 反弹 恭喜 口吃
3378,每日 点评 11
3379,没拉垮 上涨 市场 人气 回升
3380,老套路 点跌点 直至 清盘 鼓掌 鼓掌 鼓掌
3381,小財 理财 收益 创业板 消费 港基 持仓 分析
3382,张张 吹牛 价值 投资 投了 两年 35 个点
3383,收评 新能源 半导体 大涨 行情
3384,收益 一只 几次 依然 占用
3385,贵州 茅台 压盘 好难
3386,涨过 明天 爱坤
3387,涨得 乌龟 慢跌 泻药 金牛
3388,亏惨 回本 难上加难
3389,上当受骗
3390,做过 过山车 习惯
3391,大平 投资 分享 大盘 看涨 谨防 拐点 短暂 撤退
3392,2022 风电 新增 装机 5.73 GW 去年同期 3.57 GW
3393,季报 季度 规模 123 不谈 宏观
3394,一年 回本 距离
3395,希望
3396,红利 ETF 515180 受益 通胀 环境 防御
3397,3000 保卫战 个股 普涨 反击
3398,去年 年末 三大 指数 持续 震荡 走低 并于 下旬
3399,终于 发力 加油
3400,严查
3401,真的 离谱
3402,持有
3403,支付宝 金选
3404,看好 看好
3405,茅台 几天 没涨 美团 挺不错 希望
3406,赶紧 来人查 一查 这家 公司 肯定
3407,22 国家 发展 改革 能源 印发 十四五
3408,新能源 半导体 光伏 医疗 投资 分享
3409,时间 2022 23 SOURCEGlobal PBC SOURCEG
3410,一周 新能源 板块 幅度 回调 程度
3411,这基
3412,多空 雷达 11 分析 策略 光伏 锂电 芯片
3413,跳水
3414,为啥 下午 点前 不让 解释
3415,人才
3416,大涨 行情 医药 芯片 光伏 新能源 等加
3417,长胖 群食 这货
3418,大涨 不知 操作
3419,跳水 瘟鸡 摊手
3420,酒涨 个点 个点 酒跌 个点 个点
3421,秃驴
3422,持有
3423,新能源 上天 玩意 趴着
3424,郁闷死 回本
3425,还涨 大盘 真废
3426,卖掉
3427,鸡长 垃圾
3428,板块 轮动 一遍 轮不到
3429,这鸡 回本
3430,上证指数
3431,大哥 点力 点才
3432,去年 12 亏了 一半多 跌多涨少
3433,啥时候
3434,垃圾 垃圾
3435,持有
3436,赔钱
3437,两年 真的 无味 弃之可惜 恶心
3438,长期 持有 标签 不算 长期 一年
3439,全场 最差 点儿 脸行
3440,秃坤 劳资 估计 有生之年
3441,香港 交易所 涨过 抓狂
3442,二次 震荡 上行
3443,消费 行业 每次 涨得
3444,拉基
3445,小財 理财 行情 回顾 成交量 一再 缩减
3446,持仓 估值
3447,通通 很爽 拖后腿
3448,陆家嘴 财经 早餐 563000 2022 05 11
3449,拉稀 摆带 游刃有余
3450,秃驴
3451,.. 害人不浅
3452,19 持仓 一个样 拉鸡
3453,感觉 10 持仓 估计 不该 一点
3454,大涨 链子 永远 tm 找不着
3455,老鼠 公司 建议 严查 好处
3456,银行 操作
3457,永远 小步 退三 大步 害人不浅
3458,腾讯 厕所 美团 腰斩 海康 招商 腰斩
3459,一辈子 别想 回本 微笑
3460,不行 没意思
3461,收藏 垃圾
3462,腊鸡 玩意 老鼠 公司
3463,315 最低点 回头 后悔
3464,天天 谢谢
3465,六年 考他
3466,孤儿 重仓 海康 威视 天天
3467,东西
3468,张昆 垃圾 值得 信任 我要 清仓 大涨
3469,张昆 值得 信任 我要 清仓 大涨 微涨
3470,大平 理财 3000 支撑 信心 黄金
3471,垃圾
3472,OTCFUND 005827 垃圾 没人管
3473,招商银行 海康 威视 腾讯 控股 高位 接盘 估计
3474,财经 晨信 11
3475,行情 多好 净值 0.63
3476,盘前 播报 反弹 有望 延续 关注 这一 板块
3477,日记 22 11
3478,大平 理财 指数 见底 跌下来 重仓 机会
3479,这跌 没谱 行情 控制 不住
3480,涨难 丧坤 碰到 八辈子
3481,大盘 三千 无关 大盘 跌到 2800 狂泻
3482,股票 比太多
3483,美股 暴跌 承压 A股 老乡 硬气 一回
3484,A股 牛冠 全球
3485,温馨 提示 以下内容 发过 养基 人士
3486,各大 主流 指数 估值 处于 历史 低位 A股 中期 修复 行情 临近
3487,反正 习惯 往下走
3488,连续 同类 平均 市场 不到 6% 这位
3489,分红 扛不住
3490,5.08 复盘 煤炭 新能源 行业 估值 分析
3491,预期 五月 反弹 持续
3492,绿色
3493,回本 呜呜
3494,不用 调仓 不用 管理 还收 管理费
3495,这头 玩意
3496,两年
3497,有人 管理
3498,小財 理财 收益 分享 消费 银行 持仓 心得
3499,废物
3500,每日 点评 10
3501,新能源 汽车销量 大幅 增加 新能源 板块 能涨
3502,巴菲特 川家康 理念 越跌 越加 等待 隐忍
3503,OTCFUND 005827
3504,OTCFUND 005827 家伙
3505,中国 证券报 市场 赚钱 效应 机构
3506,美股 跌幅 纳指 跌超 2% 热门 中概 持续 走低
3507,想想 信任
3508,OTCFUND 005827 版权
3509,奉劝 经济 不好
3510,秃头 闪闪 亏了 一年 一年 一再
3511,长期 持有 我服
3512,大盘
3513,垃圾 最多涨 0.5 个点
3514,明天 一巴掌 吃糖 大笑 困惑
3515,建议 投资者 耐心 徐徐 以逢 低位 布局
3516,垃圾
3517,半导体 光伏 新能源 医疗 投资 分享
3518,中信证券 国内 疫情 高点 已过 外部 压力 缓解
3519,业绩 高水平 释放 区域 城农 商行 表现 亮眼 22Q1
3520,死鸡
3521,最少
3522,中国 证券报 市场 赚钱 效应 机构
3523,大平 投资 分享 大盘 坚守 情绪 机会 加仓
3524,落到 地步
3525,美团 卧槽
3526,月度 情报局 2022
3527,垃圾 永远都是 垃圾 改变
3528,倒车 上车
3529,优秀 没绿
3530,垃圾
3531,OTCFUND 005827 真的 垃圾
3532,赶紧 学学
3533,废物
3534,一无是处
3535,两年 20
3536,涨得 债基能
3537,没完
3538,厉害 秃坤
3539,倒霉蛋
3540,持有
3541,局势 兵工厂 订单 饱和 多鸡 军工
3542,好好 想想
3543,这货 一季度 季报 超级 安抚 东西
3544,投资 过程 患得患失
3545,均值 回归 等待 机会
3546,红色 发言者
3547,唯独
3548,这得 水平 多高 每次
3549,给我发 信息 要脸 现有 二十几个
3550,雷哥
3551,换仓
3552,一周 垫底
3553,垃圾
3554,实在 大涨 小涨 大跌
3555,卖掉
3556,熊市
3557,两年 回本
3558,三大 板块 红成
3559,人涨 人跌 旺柴 旺柴 旺柴
3560,省吃俭用 重仓 惊讶 惊讶 惊讶
3561,一枚 滴汗
3562,鸡脚 杆上 刮油 瘟鸡
3563,人为 操作 借口 滴汗
3564,300
3565,九木禾
3566,垃圾
3567,垃圾
3568,对冲
3569,对冲 非你莫属
3570,欧美 大跌 A股 地量 已现 行情
3571,丢人 调仓 净值 越来越低
3572,三年 五年 无望
3573,美股 A股
3574,海康 威视 招商银行 完美 两个
3575,成交量 一年 地量 市场 选择
3576,跌麻
3577,垃圾
3578,垃圾 实在 无法忍受 我要 清仓
3579,九十 敛财
3580,富贵 闲人 持仓 季报 解读
3581,完蛋 暴跌
3582,财经 晨信 10
3583,兄弟 坤子 值得 信任
3584,盘前 播报 美股 下跌 A股
3585,大跌 25% 指数 VS 组合 买入 时点 3000
3586,比亚迪 再现 舆论 风波 新能源 板块
3587,指数 估值 20220510
3588,陆家嘴 财经 早餐 563000 2022 05 10
3589,加仓
3590,盘前 播报 美股 下跌 A股
3591,发现 牛不牛 毛线 关系 行情
3592,份额 转投 军工 回本 局势 军工 季报
3593,大哭
3594,掐指一算 明天 下跌 两个
3595,掐指一算 明天 下跌 两个
3596,今晚 美股 大跌 回不来 明天 小盘
3597,明天
3598,5.09 投资 分享 市场 底部 隐现 珍惜 下跌 机会
3599,哼哈二将 一年 不灵
3600,午后 市场 再度 跳水 消费 半导体 减仓
3601,每日 点评
3602,创业板 ETF 强劲 基本面 有望 高歌猛进
3603,散户 水平 害惨 投资者
3604,煤炭 消费 领跌
3605,OTCFUND 005827 想想 坤哥
3606,买大 白马
3607,三月 补仓 500 净值 2.07 被套
3608,可怕 可怕 可怕
3609,啥子 扣款 失败
3610,亏了 31% ..... 吃点 喝点 香些
3611,离职 跌成 样子 3.5 跌成
3612,睡大觉 管它 涨跌
3613,老毛病 一条
3614,收评 下跌 光伏 上涨 近期 策略
3615,欧巴 加油
3616,是因为 开盘
3617,段时间 赎回
3618,收益 005827 腰斩
3619,走低 恒指 跌超 2% 恒生 科技 指数 跌超 4% 京东
3620,时间 个头
3621,抄底 下跌 行情 股票 越跌
3622,阶段
3623,成交额 6714 少于 前期 8000 多亿 市场 冷清
3624,午评 连续 下跌 抄底
3625,大平 投资 分享 大盘 失败 加仓 机会
3626,价值 投资 亏钱 十年 金牛
3627,指数 震荡 板块 分化 看待
3628,价值 投资
3629,腾讯 招行
3630,暂停 赎回 申购
3631,何用
3632,100w 实盘 今日 热门 板块 点评 操作 账户 再创新高
3633,光伏 新能源 半导体 医疗 投资 分享
3634,招商银行 不服 就服
3635,样子 亏了
3636,震荡 市场 感受
3637,惨惨 真的 腰斩 跌跌 腰斩
3638,大鱼 现身 全球股市 严阵以待
3639,不让 怎么回事
3640,犊子 两周 回撤 10 个点 无望
3641,一年 一年 越养越 骨头
3642,规模 552
3643,荒瘩
3644,新半军 年内 跌超 30% 3000 点要 下手 新能源
3645,开启 千万 股民 热泪盈眶 反攻 终于
3646,周五 加早 加可 咋办
3647,不让 买卖 啥意思
3648,两天 天吃大瓜
3649,守住 来之不易 血汗钱
3650,帖子 秃驴 这鸡
3651,不让
3652,持仓 一年 老铁们 收益
3653,不让 购买
3654,垃圾
3655,停市
3656,OTCFUND 005827 再也 不买
3657,每日 问答 市场 持续 回落 指数 投资 价值
3658,不让 交易 干嘛 不让
3659,三千多 个股 上涨 表现
3660,大跌 亏了 14% 分享
3661,感到 庆幸 幸亏 开盘 下跌 三个
3662,垃圾
3663,垃圾
3664,能手 句式 资金外流
3665,情况 找到 卖出 选项
3666,四天 三天 MGB
3667,评选 凸坤 无可争议 第一
3668,公司 典型 老鼠 卖出 只收
3669,手里 连续 跌停 股票
3670,OTCFUND 005827 暂停 申购
3671,节奏 tm 一跌 节奏
3672,内心 一万头 奔腾
3673,消息面 一览 指数 组合 估值
3674,FUND 群英 华宝 刘自强 任职 14 投资
3675,天天 尽头
3676,操作码
3677,陆家嘴 财经 早餐 563000 2022 05 09
3678,OTCFUND 005827 千言万语 汇成
3679,指数 估值 20220509
3680,垃圾
3681,666
3682,TMD 废物
3683,垃圾 玩意儿
3684,OTCFUND 005827 垃圾
3685,放心 大跌 弄不好 低开 这磨 行情
3686,来时 好好 回不去
3687,财经 晨信
3688,确实 垃圾 不行 恶心
3689,3.70 垃圾
3690,别急 加仓 回调 1.3
3691,元有 机会 加不加 割肉 离场
3692,每周 市场 估值 参考 2022 05 08 2021 年报 2022
3693,暂停 赎回
3694,忏悔 理财 越来越少
3695,行不行 重仓股 持续 先有 招商银行
3696,小財 理财 收益 分析 消费 证券 现状 五月 行情 展望
3697,欲哭无泪
3698,地产 领跌 军工 新能源 盘中 异动 选择
3699,投顾 项目 周报 20220506
3700,今晚 明天 白天 阴天 多云 阵雨 雷阵雨 轻雾
3701,炒股 巨亏 20 千亿 龙头 无能为力
3702,买出 几天
3703,组合 周报 正表 20220506
3704,五年 已过 三年 到时候
3705,心痛 呼吸 啊啊啊 啊啊啊
3706,首日 市场 迎来 分化 军工 光伏 医疗 证券
3707,动态 清零 摊手 摊手 摊手
3708,还会 腰斩
3709,腾讯 控股 700 跌到 300
3710,养基 两年 一地 鸡毛 某人 十年 成名 近两年 名声
3711,28W 本金 亏损 6000 下周 行情
3712,明星 TOP30 连续 27 季度 收益 安信 张翼
3713,暂停 卖出 拖死 基民
3714,美联储 激进 美股 持续 回落 A股
3715,一盘 公募 一哥 家底
3716,暂停 赎回
3717,正到
3718,盈亏 日记 盈利 4000 周五
3719,历史 回撤 谢治宇 袁芳
3720,新股 发行 定价 回归 理性 新股 发现 有望 好转
3721,复盘 指数 大跌 轻仓 亏损 加仓 机会
3722,日记 22
3723,赎回
3724,重仓 成分股 伊利 收购 机会
3725,指险 3000 两市 3700 下跌 信息
3726,美股 暴跌 A股 大跌 能加
3727,名字
3728,每日 点评
3729,冯波 奇葩
3730,OTCFUND 005827 灾难
3731,徒有虚名 垃圾
3732,赎回
3733,重仓 九安 医疗 二十 连板
3734,值得 深读 回撤 40% 一位 百亿 顶流 忏悔
3735,指险守 3000 两市 3700 下跌 信息
3736,OTCFUND 005827 二三年 持仓
3737,分级 加仓 公司 打折
3738,1000 亏了 450 左手 右手 落代围
3739,投资 复盘 经历 几轮 牛熊 长期
3740,真的 五月 五号 股票 一万元
3741,科创 50 板块 配置 区间 现今 抄底
3742,OTCFUND 005827 买川 发龙
3743,问问 招商银行 海康 威视 接盘
3744,这比 海康 威视 真的 雷王
3745,招行 前景 乐观 1.8 1.7
3746,秃秃
3747,十五年 涨幅 A股 3000
3748,新能源 半导体 医疗 光伏 投资 分享
3749,这一跌 多久 停止
3750,赚钱 没卖 最低点 卖出 打脸 捂脸
3751,躺平
3752,颜色
3753,毫不含糊
3754,5.06 投资 分享 3000 保卫战 市场 跌出 黄金
3755,MD 招商 中证 十万八千里
3756,海康
3757,反正 随意 微笑
3758,回去 伤不起
3759,尖兵
3760,2021 上海 机场 2022 海康 威视
3761,收评 半导体 大跌 入场 加仓
3762,真次
3763,形象 暗淡 何方 同意 点赞
3764,午评 医药 光伏 军工 券商 板块 看法
3765,太牛
3766,个点 鼓掌
3767,OTCFUND 005827 垃圾 美团
3768,小財 理财 收益 分析 港基 证券 亏损 原因
3769,今日 3000 保卫战 今日 市场 下跌 原因 找到
3770,金牌
3771,OTCFUND 005827 海康 威视 完美
3772,控制 仓位 耐心 等待 累计 收益率 38.58% 折合 年化 12
3773,假期 消息面 汇总 A股 板块 值得 看好
3774,苦头 永远 尝到 甜头
3775,完蛋
3776,坤哥 十大 持仓 87%
3777,遥遥无期 成本 太高
3778,几天 真信 秃驴 大笑 大笑
3779,秃驴 争气 王者 归来 鼓掌 鼓掌
3780,看不到
3781,收益率
3782,啥时候 亏少
3783,吐出来
3784,雷王 当定
3785,普跌 正好 换仓 雷王 消费
3786,大平 投资 分享 指数 大跌 有加 机会
3787,最终 予以 撤销 国内 光伏 产业 利好
3788,加仓
3789,四点 思考
